op_name,mode,ranks,pid,tid,eid,start_time_us,end_time_us,dur_us,op_type,input_dims,input_dtype
all_reduce,forward,"[8, 9, 10, 11, 12, 13, 14, 15]",0,0,0,116446.14627584815,116446.14627584815,0,comm,"[8, 2048, 576]",torch.bfloat16
all_to_all_single,forward,"[8, 9, 10, 11, 12, 13, 14, 15]",0,0,1,121174.69939403236,121174.69939403236,0,comm,"[8, 256, 16, 256]",torch.bfloat16
all_gather,forward,"[8, 9, 10, 11, 12, 13, 14, 15]",0,0,2,275996.08711898327,275996.08711898327,0,comm,"[8, 1, 2048, 8]",torch.bfloat16
all_gather,forward,"[8, 9, 10, 11, 12, 13, 14, 15]",0,0,3,278547.3021212965,278547.3021212965,0,comm,"[8, 1, 2048, 8]",torch.bfloat16
all_to_all_single,forward,"[8, 9, 10, 11, 12, 13, 14, 15]",0,0,4,285356.9786529988,285356.9786529988,0,comm,"[16, 1, 2048, 128]",torch.bfloat16
all_to_all_single,forward,"[8, 9, 10, 11, 12, 13, 14, 15]",0,0,5,291992.9386116564,291992.9386116564,0,comm,"[16, 8, 256, 192]",torch.bfloat16
all_to_all_single,forward,"[8, 9, 10, 11, 12, 13, 14, 15]",0,0,6,294733.7187360972,294733.7187360972,0,comm,"[16, 2048, 1, 192]",torch.bfloat16
all_gather,forward,"[8, 9, 10, 11, 12, 13, 14, 15]",0,0,7,299762.2916009277,299762.2916009277,0,comm,"[8, 2048, 2, 192]",torch.bfloat16
all_reduce,forward,"[8, 9, 10, 11, 12, 13, 14, 15]",0,0,8,322334.81551520526,322334.81551520526,0,comm,"[8, 2048, 2048]",torch.bfloat16
all_reduce,forward,"[8, 9, 10, 11, 12, 13, 14, 15]",0,0,9,331979.792797938,331979.792797938,0,comm,"[8, 2048, 576]",torch.bfloat16
all_to_all_single,forward,"[8, 9, 10, 11, 12, 13, 14, 15]",0,0,10,336751.51597708464,336751.51597708464,0,comm,"[8, 256, 16, 256]",torch.bfloat16
all_gather,forward,"[8, 9, 10, 11, 12, 13, 14, 15]",0,0,11,361034.968867898,361034.968867898,0,comm,"[8, 1, 2048, 8]",torch.bfloat16
all_gather,forward,"[8, 9, 10, 11, 12, 13, 14, 15]",0,0,12,363603.8170661777,363603.8170661777,0,comm,"[8, 1, 2048, 8]",torch.bfloat16
all_to_all_single,forward,"[8, 9, 10, 11, 12, 13, 14, 15]",0,0,13,370866.2209101021,370866.2209101021,0,comm,"[16, 1, 2048, 128]",torch.bfloat16
all_to_all_single,forward,"[8, 9, 10, 11, 12, 13, 14, 15]",0,0,14,377685.04372797906,377685.04372797906,0,comm,"[16, 8, 256, 192]",torch.bfloat16
all_to_all_single,forward,"[8, 9, 10, 11, 12, 13, 14, 15]",0,0,15,380453.4343071282,380453.4343071282,0,comm,"[16, 2048, 1, 192]",torch.bfloat16
all_gather,forward,"[8, 9, 10, 11, 12, 13, 14, 15]",0,0,16,385435.4291688651,385435.4291688651,0,comm,"[8, 2048, 2, 192]",torch.bfloat16
all_reduce,forward,"[8, 9, 10, 11, 12, 13, 14, 15]",0,0,17,422383.7377503514,422383.7377503514,0,comm,"[8, 2048, 2048]",torch.bfloat16
all_reduce,forward,"[8, 9, 10, 11, 12, 13, 14, 15]",0,0,18,422496.51974998415,422496.51974998415,0,comm,"[8, 2048, 2048]",torch.bfloat16
all_reduce,forward,"[8, 9, 10, 11, 12, 13, 14, 15]",0,0,19,434629.5187715441,434629.5187715441,0,comm,"[8, 2048, 576]",torch.bfloat16
all_to_all_single,forward,"[8, 9, 10, 11, 12, 13, 14, 15]",0,0,20,439467.0932088047,439467.0932088047,0,comm,"[8, 256, 16, 256]",torch.bfloat16
all_gather,forward,"[8, 9, 10, 11, 12, 13, 14, 15]",0,0,21,462425.4428781569,462425.4428781569,0,comm,"[8, 1, 2048, 8]",torch.bfloat16
all_gather,forward,"[8, 9, 10, 11, 12, 13, 14, 15]",0,0,22,464964.65569362044,464964.65569362044,0,comm,"[8, 1, 2048, 8]",torch.bfloat16
all_to_all_single,forward,"[8, 9, 10, 11, 12, 13, 14, 15]",0,0,23,471806.3208274543,471806.3208274543,0,comm,"[16, 1, 2048, 128]",torch.bfloat16
all_to_all_single,forward,"[8, 9, 10, 11, 12, 13, 14, 15]",0,0,24,478495.7799129188,478495.7799129188,0,comm,"[16, 8, 256, 192]",torch.bfloat16
all_to_all_single,forward,"[8, 9, 10, 11, 12, 13, 14, 15]",0,0,25,481264.1809694469,481264.1809694469,0,comm,"[16, 2048, 1, 192]",torch.bfloat16
all_gather,forward,"[8, 9, 10, 11, 12, 13, 14, 15]",0,0,26,486142.8630538285,486142.8630538285,0,comm,"[8, 2048, 2, 192]",torch.bfloat16
all_reduce,forward,"[8, 9, 10, 11, 12, 13, 14, 15]",0,0,27,522860.822500661,522860.822500661,0,comm,"[8, 2048, 2048]",torch.bfloat16
all_reduce,forward,"[8, 9, 10, 11, 12, 13, 14, 15]",0,0,28,522977.0108126104,522977.0108126104,0,comm,"[8, 2048, 2048]",torch.bfloat16
all_reduce,forward,"[8, 9, 10, 11, 12, 13, 14, 15]",0,0,29,534844.6676507592,534844.6676507592,0,comm,"[8, 2048, 576]",torch.bfloat16
all_to_all_single,forward,"[8, 9, 10, 11, 12, 13, 14, 15]",0,0,30,539569.491520524,539569.491520524,0,comm,"[8, 256, 16, 256]",torch.bfloat16
all_gather,forward,"[8, 9, 10, 11, 12, 13, 14, 15]",0,0,31,563028.4964572638,563028.4964572638,0,comm,"[8, 1, 2048, 8]",torch.bfloat16
all_gather,forward,"[8, 9, 10, 11, 12, 13, 14, 15]",0,0,32,565594.7583727539,565594.7583727539,0,comm,"[8, 1, 2048, 8]",torch.bfloat16
all_to_all_single,forward,"[8, 9, 10, 11, 12, 13, 14, 15]",0,0,33,572522.2241599113,572522.2241599113,0,comm,"[16, 1, 2048, 128]",torch.bfloat16
all_to_all_single,forward,"[8, 9, 10, 11, 12, 13, 14, 15]",0,0,34,579122.7482259274,579122.7482259274,0,comm,"[16, 8, 256, 192]",torch.bfloat16
all_to_all_single,forward,"[8, 9, 10, 11, 12, 13, 14, 15]",0,0,35,581908.3526730537,581908.3526730537,0,comm,"[16, 2048, 1, 192]",torch.bfloat16
all_gather,forward,"[8, 9, 10, 11, 12, 13, 14, 15]",0,0,36,586964.2165489495,586964.2165489495,0,comm,"[8, 2048, 2, 192]",torch.bfloat16
all_reduce,forward,"[8, 9, 10, 11, 12, 13, 14, 15]",0,0,37,628132.215468213,628132.215468213,0,comm,"[8, 2048, 2048]",torch.bfloat16
all_reduce,forward,"[8, 9, 10, 11, 12, 13, 14, 15]",0,0,38,628250.3276597708,628250.3276597708,0,comm,"[8, 2048, 2048]",torch.bfloat16
all_reduce,forward,"[8, 9, 10, 11, 12, 13, 14, 15]",0,0,39,640333.5146605968,640333.5146605968,0,comm,"[8, 2048, 576]",torch.bfloat16
all_to_all_single,forward,"[8, 9, 10, 11, 12, 13, 14, 15]",0,0,40,645158.3444140851,645158.3444140851,0,comm,"[8, 256, 16, 256]",torch.bfloat16
all_gather,forward,"[8, 9, 10, 11, 12, 13, 14, 15]",0,0,41,668697.5609045476,668697.5609045476,0,comm,"[8, 1, 2048, 8]",torch.bfloat16
all_gather,forward,"[8, 9, 10, 11, 12, 13, 14, 15]",0,0,42,671247.2930084914,671247.2930084914,0,comm,"[8, 1, 2048, 8]",torch.bfloat16
all_to_all_single,forward,"[8, 9, 10, 11, 12, 13, 14, 15]",0,0,43,678153.0901789665,678153.0901789665,0,comm,"[16, 1, 2048, 128]",torch.bfloat16
all_to_all_single,forward,"[8, 9, 10, 11, 12, 13, 14, 15]",0,0,44,684812.3741801828,684812.3741801828,0,comm,"[16, 8, 256, 192]",torch.bfloat16
all_to_all_single,forward,"[8, 9, 10, 11, 12, 13, 14, 15]",0,0,45,687593.6314463615,687593.6314463615,0,comm,"[16, 2048, 1, 192]",torch.bfloat16
all_gather,forward,"[8, 9, 10, 11, 12, 13, 14, 15]",0,0,46,692585.515556857,692585.515556857,0,comm,"[8, 2048, 2, 192]",torch.bfloat16
all_reduce,forward,"[8, 9, 10, 11, 12, 13, 14, 15]",0,0,47,729328.9978988469,729328.9978988469,0,comm,"[8, 2048, 2048]",torch.bfloat16
all_reduce,forward,"[8, 9, 10, 11, 12, 13, 14, 15]",0,0,48,729452.7688063681,729452.7688063681,0,comm,"[8, 2048, 2048]",torch.bfloat16
all_reduce,forward,"[8, 9, 10, 11, 12, 13, 14, 15]",0,0,49,741465.5331522226,741465.5331522226,0,comm,"[8, 2048, 576]",torch.bfloat16
all_to_all_single,forward,"[8, 9, 10, 11, 12, 13, 14, 15]",0,0,50,746241.3432076573,746241.3432076573,0,comm,"[8, 256, 16, 256]",torch.bfloat16
all_gather,forward,"[8, 9, 10, 11, 12, 13, 14, 15]",0,0,51,769630.4835844785,769630.4835844785,0,comm,"[8, 1, 2048, 8]",torch.bfloat16
all_gather,forward,"[8, 9, 10, 11, 12, 13, 14, 15]",0,0,52,772175.5276434124,772175.5276434124,0,comm,"[8, 1, 2048, 8]",torch.bfloat16
all_to_all_single,forward,"[8, 9, 10, 11, 12, 13, 14, 15]",0,0,53,779258.9364107698,779258.9364107698,0,comm,"[16, 1, 2048, 128]",torch.bfloat16
all_to_all_single,forward,"[8, 9, 10, 11, 12, 13, 14, 15]",0,0,54,786057.8822437674,786057.8822437674,0,comm,"[16, 8, 256, 192]",torch.bfloat16
all_to_all_single,forward,"[8, 9, 10, 11, 12, 13, 14, 15]",0,0,55,788793.3822348714,788793.3822348714,0,comm,"[16, 2048, 1, 192]",torch.bfloat16
all_gather,forward,"[8, 9, 10, 11, 12, 13, 14, 15]",0,0,56,793755.2891671658,793755.2891671658,0,comm,"[8, 2048, 2, 192]",torch.bfloat16
all_reduce,forward,"[8, 9, 10, 11, 12, 13, 14, 15]",0,0,57,830443.2218428701,830443.2218428701,0,comm,"[8, 2048, 2048]",torch.bfloat16
all_reduce,forward,"[8, 9, 10, 11, 12, 13, 14, 15]",0,0,58,830567.5347801298,830567.5347801298,0,comm,"[8, 2048, 2048]",torch.bfloat16
all_reduce,forward,"[8, 9, 10, 11, 12, 13, 14, 15]",0,0,59,841794.1180523485,841794.1180523485,0,comm,"[8, 2048, 576]",torch.bfloat16
all_to_all_single,forward,"[8, 9, 10, 11, 12, 13, 14, 15]",0,0,60,846551.0418172926,846551.0418172926,0,comm,"[8, 256, 16, 256]",torch.bfloat16
all_gather,forward,"[8, 9, 10, 11, 12, 13, 14, 15]",0,0,61,870066.3768686354,870066.3768686354,0,comm,"[8, 1, 2048, 8]",torch.bfloat16
all_gather,forward,"[8, 9, 10, 11, 12, 13, 14, 15]",0,0,62,872606.2297355384,872606.2297355384,0,comm,"[8, 1, 2048, 8]",torch.bfloat16
all_to_all_single,forward,"[8, 9, 10, 11, 12, 13, 14, 15]",0,0,63,879571.8073379248,879571.8073379248,0,comm,"[16, 1, 2048, 128]",torch.bfloat16
all_to_all_single,forward,"[8, 9, 10, 11, 12, 13, 14, 15]",0,0,64,886249.4274508208,886249.4274508208,0,comm,"[16, 8, 256, 192]",torch.bfloat16
all_to_all_single,forward,"[8, 9, 10, 11, 12, 13, 14, 15]",0,0,65,889048.8983597606,889048.8983597606,0,comm,"[16, 2048, 1, 192]",torch.bfloat16
all_gather,forward,"[8, 9, 10, 11, 12, 13, 14, 15]",0,0,66,894038.2371656597,894038.2371656597,0,comm,"[8, 2048, 2, 192]",torch.bfloat16
all_reduce,forward,"[8, 9, 10, 11, 12, 13, 14, 15]",0,0,67,930410.9490476549,930410.9490476549,0,comm,"[8, 2048, 2048]",torch.bfloat16
all_reduce,forward,"[8, 9, 10, 11, 12, 13, 14, 15]",0,0,68,930530.8440234512,930530.8440234512,0,comm,"[8, 2048, 2048]",torch.bfloat16
all_reduce,forward,"[8, 9, 10, 11, 12, 13, 14, 15]",0,0,69,942708.01381208,942708.01381208,0,comm,"[8, 2048, 576]",torch.bfloat16
all_to_all_single,forward,"[8, 9, 10, 11, 12, 13, 14, 15]",0,0,70,947344.2027810961,947344.2027810961,0,comm,"[8, 256, 16, 256]",torch.bfloat16
all_gather,forward,"[8, 9, 10, 11, 12, 13, 14, 15]",0,0,71,970923.7751085311,970923.7751085311,0,comm,"[8, 1, 2048, 8]",torch.bfloat16
all_gather,forward,"[8, 9, 10, 11, 12, 13, 14, 15]",0,0,72,973475.7121186703,973475.7121186703,0,comm,"[8, 1, 2048, 8]",torch.bfloat16
all_to_all_single,forward,"[8, 9, 10, 11, 12, 13, 14, 15]",0,0,73,980542.7400860935,980542.7400860935,0,comm,"[16, 1, 2048, 128]",torch.bfloat16
all_to_all_single,forward,"[8, 9, 10, 11, 12, 13, 14, 15]",0,0,74,987203.9977926761,987203.9977926761,0,comm,"[16, 8, 256, 192]",torch.bfloat16
all_to_all_single,forward,"[8, 9, 10, 11, 12, 13, 14, 15]",0,0,75,989991.0045787692,989991.0045787692,0,comm,"[16, 2048, 1, 192]",torch.bfloat16
all_gather,forward,"[8, 9, 10, 11, 12, 13, 14, 15]",0,0,76,994909.8215438426,994909.8215438426,0,comm,"[8, 2048, 2, 192]",torch.bfloat16
all_reduce,forward,"[8, 9, 10, 11, 12, 13, 14, 15]",0,0,77,1032206.7739907652,1032206.7739907652,0,comm,"[8, 2048, 2048]",torch.bfloat16
all_reduce,forward,"[8, 9, 10, 11, 12, 13, 14, 15]",0,0,78,1032337.4383151531,1032337.4383151531,0,comm,"[8, 2048, 2048]",torch.bfloat16
all_reduce,forward,"[8, 9, 10, 11, 12, 13, 14, 15]",0,0,79,1044577.7385029942,1044577.7385029942,0,comm,"[8, 2048, 576]",torch.bfloat16
all_to_all_single,forward,"[8, 9, 10, 11, 12, 13, 14, 15]",0,0,80,1049400.5258660764,1049400.5258660764,0,comm,"[8, 256, 16, 256]",torch.bfloat16
all_gather,forward,"[8, 9, 10, 11, 12, 13, 14, 15]",0,0,81,1051671.9960141927,1051671.9960141927,0,comm,"[8, 1, 2048, 8]",torch.bfloat16
all_gather,forward,"[8, 9, 10, 11, 12, 13, 14, 15]",0,0,82,1051845.3300464898,1051845.3300464898,0,comm,"[8, 1, 2048, 8]",torch.bfloat16
all_to_all_single,forward,"[8, 9, 10, 11, 12, 13, 14, 15]",0,0,83,1052143.3281246573,1052143.3281246573,0,comm,"[16, 1, 2048, 128]",torch.bfloat16
all_to_all_single,forward,"[8, 9, 10, 11, 12, 13, 14, 15]",0,0,84,1052639.2073370516,1052639.2073370516,0,comm,"[16, 8, 256, 192]",torch.bfloat16
all_to_all_single,forward,"[8, 9, 10, 11, 12, 13, 14, 15]",0,0,85,1053024.5264526457,1053024.5264526457,0,comm,"[16, 2048, 1, 192]",torch.bfloat16
all_gather,forward,"[8, 9, 10, 11, 12, 13, 14, 15]",0,0,86,1053527.316544205,1053527.316544205,0,comm,"[8, 2048, 2, 192]",torch.bfloat16
all_reduce,forward,"[8, 9, 10, 11, 12, 13, 14, 15]",0,0,87,1057418.063050136,1057418.063050136,0,comm,"[8, 2048, 2048]",torch.bfloat16
all_reduce,forward,"[8, 9, 10, 11, 12, 13, 14, 15]",0,0,88,1057534.3819800764,1057534.3819800764,0,comm,"[8, 2048, 2048]",torch.bfloat16
all_reduce,forward,"[8, 9, 10, 11, 12, 13, 14, 15]",0,0,89,1058924.109209329,1058924.109209329,0,comm,"[8, 2048, 576]",torch.bfloat16
all_to_all_single,forward,"[8, 9, 10, 11, 12, 13, 14, 15]",0,0,90,1059562.492882833,1059562.492882833,0,comm,"[8, 256, 16, 256]",torch.bfloat16
all_gather,forward,"[8, 9, 10, 11, 12, 13, 14, 15]",0,0,91,1061790.3708480299,1061790.3708480299,0,comm,"[8, 1, 2048, 8]",torch.bfloat16
all_gather,forward,"[8, 9, 10, 11, 12, 13, 14, 15]",0,0,92,1061958.2261424512,1061958.2261424512,0,comm,"[8, 1, 2048, 8]",torch.bfloat16
all_to_all_single,forward,"[8, 9, 10, 11, 12, 13, 14, 15]",0,0,93,1062236.9274497032,1062236.9274497032,0,comm,"[16, 1, 2048, 128]",torch.bfloat16
all_to_all_single,forward,"[8, 9, 10, 11, 12, 13, 14, 15]",0,0,94,1062750.8095931262,1062750.8095931262,0,comm,"[16, 8, 256, 192]",torch.bfloat16
all_to_all_single,forward,"[8, 9, 10, 11, 12, 13, 14, 15]",0,0,95,1063140.7210603356,1063140.7210603356,0,comm,"[16, 2048, 1, 192]",torch.bfloat16
all_gather,forward,"[8, 9, 10, 11, 12, 13, 14, 15]",0,0,96,1063643.362140283,1063643.362140283,0,comm,"[8, 2048, 2, 192]",torch.bfloat16
all_reduce,forward,"[8, 9, 10, 11, 12, 13, 14, 15]",0,0,97,1067516.4612475783,1067516.4612475783,0,comm,"[8, 2048, 2048]",torch.bfloat16
all_reduce,forward,"[8, 9, 10, 11, 12, 13, 14, 15]",0,0,98,1067645.914386958,1067645.914386958,0,comm,"[8, 2048, 2048]",torch.bfloat16
all_reduce,forward,"[8, 9, 10, 11, 12, 13, 14, 15]",0,0,99,1069044.6712542325,1069044.6712542325,0,comm,"[8, 2048, 576]",torch.bfloat16
all_to_all_single,forward,"[8, 9, 10, 11, 12, 13, 14, 15]",0,0,100,1069676.7647750676,1069676.7647750676,0,comm,"[8, 256, 16, 256]",torch.bfloat16
all_gather,forward,"[8, 9, 10, 11, 12, 13, 14, 15]",0,0,101,1072086.4825416356,1072086.4825416356,0,comm,"[8, 1, 2048, 8]",torch.bfloat16
all_gather,forward,"[8, 9, 10, 11, 12, 13, 14, 15]",0,0,102,1072292.5693262368,1072292.5693262368,0,comm,"[8, 1, 2048, 8]",torch.bfloat16
all_to_all_single,forward,"[8, 9, 10, 11, 12, 13, 14, 15]",0,0,103,1072633.2974154502,1072633.2974154502,0,comm,"[16, 1, 2048, 128]",torch.bfloat16
all_to_all_single,forward,"[8, 9, 10, 11, 12, 13, 14, 15]",0,0,104,1073211.3502454013,1073211.3502454013,0,comm,"[16, 8, 256, 192]",torch.bfloat16
all_to_all_single,forward,"[8, 9, 10, 11, 12, 13, 14, 15]",0,0,105,1073602.783260867,1073602.783260867,0,comm,"[16, 2048, 1, 192]",torch.bfloat16
all_gather,forward,"[8, 9, 10, 11, 12, 13, 14, 15]",0,0,106,1074155.9294983745,1074155.9294983745,0,comm,"[8, 2048, 2, 192]",torch.bfloat16
all_reduce,forward,"[8, 9, 10, 11, 12, 13, 14, 15]",0,0,107,1078606.2211263925,1078606.2211263925,0,comm,"[8, 2048, 2048]",torch.bfloat16
all_reduce,forward,"[8, 9, 10, 11, 12, 13, 14, 15]",0,0,108,1078732.3974072933,1078732.3974072933,0,comm,"[8, 2048, 2048]",torch.bfloat16
all_reduce,forward,"[8, 9, 10, 11, 12, 13, 14, 15]",0,0,109,1080186.8916023523,1080186.8916023523,0,comm,"[8, 2048, 576]",torch.bfloat16
all_to_all_single,forward,"[8, 9, 10, 11, 12, 13, 14, 15]",0,0,110,1080843.6011429876,1080843.6011429876,0,comm,"[8, 256, 16, 256]",torch.bfloat16
all_gather,forward,"[8, 9, 10, 11, 12, 13, 14, 15]",0,0,111,1083096.583839506,1083096.583839506,0,comm,"[8, 1, 2048, 8]",torch.bfloat16
all_gather,forward,"[8, 9, 10, 11, 12, 13, 14, 15]",0,0,112,1083266.4619665593,1083266.4619665593,0,comm,"[8, 1, 2048, 8]",torch.bfloat16
all_to_all_single,forward,"[8, 9, 10, 11, 12, 13, 14, 15]",0,0,113,1083548.431051895,1083548.431051895,0,comm,"[16, 1, 2048, 128]",torch.bfloat16
all_to_all_single,forward,"[8, 9, 10, 11, 12, 13, 14, 15]",0,0,114,1084087.5380672514,1084087.5380672514,0,comm,"[16, 8, 256, 192]",torch.bfloat16
all_to_all_single,forward,"[8, 9, 10, 11, 12, 13, 14, 15]",0,0,115,1084460.0049313158,1084460.0049313158,0,comm,"[16, 2048, 1, 192]",torch.bfloat16
all_gather,forward,"[8, 9, 10, 11, 12, 13, 14, 15]",0,0,116,1084962.26510033,1084962.26510033,0,comm,"[8, 2048, 2, 192]",torch.bfloat16
all_reduce,forward,"[8, 9, 10, 11, 12, 13, 14, 15]",0,0,117,1088869.0070714802,1088869.0070714802,0,comm,"[8, 2048, 2048]",torch.bfloat16
all_reduce,forward,"[8, 9, 10, 11, 12, 13, 14, 15]",0,0,118,1088981.5781265497,1088981.5781265497,0,comm,"[8, 2048, 2048]",torch.bfloat16
all_reduce,forward,"[8, 9, 10, 11, 12, 13, 14, 15]",0,0,119,1090383.8141821325,1090383.8141821325,0,comm,"[8, 2048, 576]",torch.bfloat16
all_to_all_single,forward,"[8, 9, 10, 11, 12, 13, 14, 15]",0,0,120,1091031.9779068232,1091031.9779068232,0,comm,"[8, 256, 16, 256]",torch.bfloat16
all_gather,forward,"[8, 9, 10, 11, 12, 13, 14, 15]",0,0,121,1093289.383687079,1093289.383687079,0,comm,"[8, 1, 2048, 8]",torch.bfloat16
all_gather,forward,"[8, 9, 10, 11, 12, 13, 14, 15]",0,0,122,1093468.8698034734,1093468.8698034734,0,comm,"[8, 1, 2048, 8]",torch.bfloat16
all_to_all_single,forward,"[8, 9, 10, 11, 12, 13, 14, 15]",0,0,123,1093778.2789114863,1093778.2789114863,0,comm,"[16, 1, 2048, 128]",torch.bfloat16
all_to_all_single,forward,"[8, 9, 10, 11, 12, 13, 14, 15]",0,0,124,1094302.921090275,1094302.921090275,0,comm,"[16, 8, 256, 192]",torch.bfloat16
all_to_all_single,forward,"[8, 9, 10, 11, 12, 13, 14, 15]",0,0,125,1094732.5963061303,1094732.5963061303,0,comm,"[16, 2048, 1, 192]",torch.bfloat16
all_gather,forward,"[8, 9, 10, 11, 12, 13, 14, 15]",0,0,126,1095247.0193151385,1095247.0193151385,0,comm,"[8, 2048, 2, 192]",torch.bfloat16
all_reduce,forward,"[8, 9, 10, 11, 12, 13, 14, 15]",0,0,127,1099193.6263162643,1099193.6263162643,0,comm,"[8, 2048, 2048]",torch.bfloat16
all_reduce,forward,"[8, 9, 10, 11, 12, 13, 14, 15]",0,0,128,1099311.2863507122,1099311.2863507122,0,comm,"[8, 2048, 2048]",torch.bfloat16
all_reduce,forward,"[8, 9, 10, 11, 12, 13, 14, 15]",0,0,129,1100725.234253332,1100725.234253332,0,comm,"[8, 2048, 576]",torch.bfloat16
all_to_all_single,forward,"[8, 9, 10, 11, 12, 13, 14, 15]",0,0,130,1101402.409374714,1101402.409374714,0,comm,"[8, 256, 16, 256]",torch.bfloat16
all_gather,forward,"[8, 9, 10, 11, 12, 13, 14, 15]",0,0,131,1103665.9521050751,1103665.9521050751,0,comm,"[8, 1, 2048, 8]",torch.bfloat16
all_gather,forward,"[8, 9, 10, 11, 12, 13, 14, 15]",0,0,132,1103830.260457471,1103830.260457471,0,comm,"[8, 1, 2048, 8]",torch.bfloat16
all_to_all_single,forward,"[8, 9, 10, 11, 12, 13, 14, 15]",0,0,133,1104111.5559637547,1104111.5559637547,0,comm,"[16, 1, 2048, 128]",torch.bfloat16
all_to_all_single,forward,"[8, 9, 10, 11, 12, 13, 14, 15]",0,0,134,1104616.0394325852,1104616.0394325852,0,comm,"[16, 8, 256, 192]",torch.bfloat16
all_to_all_single,forward,"[8, 9, 10, 11, 12, 13, 14, 15]",0,0,135,1105006.5692979842,1105006.5692979842,0,comm,"[16, 2048, 1, 192]",torch.bfloat16
all_gather,forward,"[8, 9, 10, 11, 12, 13, 14, 15]",0,0,136,1105501.658283174,1105501.658283174,0,comm,"[8, 2048, 2, 192]",torch.bfloat16
all_reduce,forward,"[8, 9, 10, 11, 12, 13, 14, 15]",0,0,137,1109323.532320559,1109323.532320559,0,comm,"[8, 2048, 2048]",torch.bfloat16
all_reduce,forward,"[8, 9, 10, 11, 12, 13, 14, 15]",0,0,138,1109436.0023271292,1109436.0023271292,0,comm,"[8, 2048, 2048]",torch.bfloat16
all_reduce,forward,"[8, 9, 10, 11, 12, 13, 14, 15]",0,0,139,1110813.9012940228,1110813.9012940228,0,comm,"[8, 2048, 576]",torch.bfloat16
all_to_all_single,forward,"[8, 9, 10, 11, 12, 13, 14, 15]",0,0,140,1111425.1238759607,1111425.1238759607,0,comm,"[8, 256, 16, 256]",torch.bfloat16
all_gather,forward,"[8, 9, 10, 11, 12, 13, 14, 15]",0,0,141,1113591.0272132605,1113591.0272132605,0,comm,"[8, 1, 2048, 8]",torch.bfloat16
all_gather,forward,"[8, 9, 10, 11, 12, 13, 14, 15]",0,0,142,1113763.9803346246,1113763.9803346246,0,comm,"[8, 1, 2048, 8]",torch.bfloat16
all_to_all_single,forward,"[8, 9, 10, 11, 12, 13, 14, 15]",0,0,143,1114039.2357483506,1114039.2357483506,0,comm,"[16, 1, 2048, 128]",torch.bfloat16
all_to_all_single,forward,"[8, 9, 10, 11, 12, 13, 14, 15]",0,0,144,1114527.3607689887,1114527.3607689887,0,comm,"[16, 8, 256, 192]",torch.bfloat16
all_to_all_single,forward,"[8, 9, 10, 11, 12, 13, 14, 15]",0,0,145,1114897.4730167538,1114897.4730167538,0,comm,"[16, 2048, 1, 192]",torch.bfloat16
all_gather,forward,"[8, 9, 10, 11, 12, 13, 14, 15]",0,0,146,1115389.4441667944,1115389.4441667944,0,comm,"[8, 2048, 2, 192]",torch.bfloat16
all_reduce,forward,"[8, 9, 10, 11, 12, 13, 14, 15]",0,0,147,1119231.0161422938,1119231.0161422938,0,comm,"[8, 2048, 2048]",torch.bfloat16
all_reduce,forward,"[8, 9, 10, 11, 12, 13, 14, 15]",0,0,148,1119339.0781991184,1119339.0781991184,0,comm,"[8, 2048, 2048]",torch.bfloat16
all_reduce,forward,"[8, 9, 10, 11, 12, 13, 14, 15]",0,0,149,1120696.570025757,1120696.570025757,0,comm,"[8, 2048, 576]",torch.bfloat16
all_to_all_single,forward,"[8, 9, 10, 11, 12, 13, 14, 15]",0,0,150,1121307.1728125215,1121307.1728125215,0,comm,"[8, 256, 16, 256]",torch.bfloat16
all_gather,forward,"[8, 9, 10, 11, 12, 13, 14, 15]",0,0,151,1123538.8382337987,1123538.8382337987,0,comm,"[8, 1, 2048, 8]",torch.bfloat16
all_gather,forward,"[8, 9, 10, 11, 12, 13, 14, 15]",0,0,152,1123712.4241888523,1123712.4241888523,0,comm,"[8, 1, 2048, 8]",torch.bfloat16
all_to_all_single,forward,"[8, 9, 10, 11, 12, 13, 14, 15]",0,0,153,1123994.9641749263,1123994.9641749263,0,comm,"[16, 1, 2048, 128]",torch.bfloat16
all_to_all_single,forward,"[8, 9, 10, 11, 12, 13, 14, 15]",0,0,154,1124493.8492309302,1124493.8492309302,0,comm,"[16, 8, 256, 192]",torch.bfloat16
all_to_all_single,forward,"[8, 9, 10, 11, 12, 13, 14, 15]",0,0,155,1124873.970169574,1124873.970169574,0,comm,"[16, 2048, 1, 192]",torch.bfloat16
all_gather,forward,"[8, 9, 10, 11, 12, 13, 14, 15]",0,0,156,1125386.7300692946,1125386.7300692946,0,comm,"[8, 2048, 2, 192]",torch.bfloat16
all_reduce,forward,"[8, 9, 10, 11, 12, 13, 14, 15]",0,0,157,1129285.828443244,1129285.828443244,0,comm,"[8, 2048, 2048]",torch.bfloat16
all_reduce,forward,"[8, 9, 10, 11, 12, 13, 14, 15]",0,0,158,1129403.7385378033,1129403.7385378033,0,comm,"[8, 2048, 2048]",torch.bfloat16
all_reduce,forward,"[8, 9, 10, 11, 12, 13, 14, 15]",0,0,159,1130794.5814915001,1130794.5814915001,0,comm,"[8, 2048, 576]",torch.bfloat16
all_to_all_single,forward,"[8, 9, 10, 11, 12, 13, 14, 15]",0,0,160,1131411.8166919798,1131411.8166919798,0,comm,"[8, 256, 16, 256]",torch.bfloat16
all_gather,forward,"[8, 9, 10, 11, 12, 13, 14, 15]",0,0,161,1133603.4566629678,1133603.4566629678,0,comm,"[8, 1, 2048, 8]",torch.bfloat16
all_gather,forward,"[8, 9, 10, 11, 12, 13, 14, 15]",0,0,162,1133768.1347504258,1133768.1347504258,0,comm,"[8, 1, 2048, 8]",torch.bfloat16
all_to_all_single,forward,"[8, 9, 10, 11, 12, 13, 14, 15]",0,0,163,1134037.3386628926,1134037.3386628926,0,comm,"[16, 1, 2048, 128]",torch.bfloat16
all_to_all_single,forward,"[8, 9, 10, 11, 12, 13, 14, 15]",0,0,164,1134551.6715664417,1134551.6715664417,0,comm,"[16, 8, 256, 192]",torch.bfloat16
all_to_all_single,forward,"[8, 9, 10, 11, 12, 13, 14, 15]",0,0,165,1134916.594484821,1134916.594484821,0,comm,"[16, 2048, 1, 192]",torch.bfloat16
all_gather,forward,"[8, 9, 10, 11, 12, 13, 14, 15]",0,0,166,1135408.2345496863,1135408.2345496863,0,comm,"[8, 2048, 2, 192]",torch.bfloat16
all_reduce,forward,"[8, 9, 10, 11, 12, 13, 14, 15]",0,0,167,1139188.2302705199,1139188.2302705199,0,comm,"[8, 2048, 2048]",torch.bfloat16
all_reduce,forward,"[8, 9, 10, 11, 12, 13, 14, 15]",0,0,168,1139304.6583980322,1139304.6583980322,0,comm,"[8, 2048, 2048]",torch.bfloat16
all_reduce,forward,"[8, 9, 10, 11, 12, 13, 14, 15]",0,0,169,1140652.921050787,1140652.921050787,0,comm,"[8, 2048, 576]",torch.bfloat16
all_to_all_single,forward,"[8, 9, 10, 11, 12, 13, 14, 15]",0,0,170,1141279.4918287545,1141279.4918287545,0,comm,"[8, 256, 16, 256]",torch.bfloat16
all_gather,forward,"[8, 9, 10, 11, 12, 13, 14, 15]",0,0,171,1143431.0185723007,1143431.0185723007,0,comm,"[8, 1, 2048, 8]",torch.bfloat16
all_gather,forward,"[8, 9, 10, 11, 12, 13, 14, 15]",0,0,172,1143592.7106067538,1143592.7106067538,0,comm,"[8, 1, 2048, 8]",torch.bfloat16
all_to_all_single,forward,"[8, 9, 10, 11, 12, 13, 14, 15]",0,0,173,1143873.4256662428,1143873.4256662428,0,comm,"[16, 1, 2048, 128]",torch.bfloat16
all_to_all_single,forward,"[8, 9, 10, 11, 12, 13, 14, 15]",0,0,174,1144353.8656458259,1144353.8656458259,0,comm,"[16, 8, 256, 192]",torch.bfloat16
all_to_all_single,forward,"[8, 9, 10, 11, 12, 13, 14, 15]",0,0,175,1144725.8323896676,1144725.8323896676,0,comm,"[16, 2048, 1, 192]",torch.bfloat16
all_gather,forward,"[8, 9, 10, 11, 12, 13, 14, 15]",0,0,176,1145238.6612072587,1145238.6612072587,0,comm,"[8, 2048, 2, 192]",torch.bfloat16
all_reduce,forward,"[8, 9, 10, 11, 12, 13, 14, 15]",0,0,177,1149086.6818930954,1149086.6818930954,0,comm,"[8, 2048, 2048]",torch.bfloat16
all_reduce,forward,"[8, 9, 10, 11, 12, 13, 14, 15]",0,0,178,1149193.722056225,1149193.722056225,0,comm,"[8, 2048, 2048]",torch.bfloat16
all_reduce,forward,"[8, 9, 10, 11, 12, 13, 14, 15]",0,0,179,1150567.4032960087,1150567.4032960087,0,comm,"[8, 2048, 576]",torch.bfloat16
all_to_all_single,forward,"[8, 9, 10, 11, 12, 13, 14, 15]",0,0,180,1151191.9510085136,1151191.9510085136,0,comm,"[8, 256, 16, 256]",torch.bfloat16
all_gather,forward,"[8, 9, 10, 11, 12, 13, 14, 15]",0,0,181,1153346.2868537754,1153346.2868537754,0,comm,"[8, 1, 2048, 8]",torch.bfloat16
all_gather,forward,"[8, 9, 10, 11, 12, 13, 14, 15]",0,0,182,1153535.0107587874,1153535.0107587874,0,comm,"[8, 1, 2048, 8]",torch.bfloat16
all_to_all_single,forward,"[8, 9, 10, 11, 12, 13, 14, 15]",0,0,183,1153807.7609147877,1153807.7609147877,0,comm,"[16, 1, 2048, 128]",torch.bfloat16
all_to_all_single,forward,"[8, 9, 10, 11, 12, 13, 14, 15]",0,0,184,1154284.211806953,1154284.211806953,0,comm,"[16, 8, 256, 192]",torch.bfloat16
all_to_all_single,forward,"[8, 9, 10, 11, 12, 13, 14, 15]",0,0,185,1154657.632810995,1154657.632810995,0,comm,"[16, 2048, 1, 192]",torch.bfloat16
all_gather,forward,"[8, 9, 10, 11, 12, 13, 14, 15]",0,0,186,1155797.2456794232,1155797.2456794232,0,comm,"[8, 2048, 2, 192]",torch.bfloat16
all_reduce,forward,"[8, 9, 10, 11, 12, 13, 14, 15]",0,0,187,1159594.6634188294,1159594.6634188294,0,comm,"[8, 2048, 2048]",torch.bfloat16
all_reduce,forward,"[8, 9, 10, 11, 12, 13, 14, 15]",0,0,188,1159708.7474074215,1159708.7474074215,0,comm,"[8, 2048, 2048]",torch.bfloat16
all_reduce,forward,"[8, 9, 10, 11, 12, 13, 14, 15]",0,0,189,1161060.9372146428,1161060.9372146428,0,comm,"[8, 2048, 576]",torch.bfloat16
all_to_all_single,forward,"[8, 9, 10, 11, 12, 13, 14, 15]",0,0,190,1161676.1195473373,1161676.1195473373,0,comm,"[8, 256, 16, 256]",torch.bfloat16
all_gather,forward,"[8, 9, 10, 11, 12, 13, 14, 15]",0,0,191,1163813.118590042,1163813.118590042,0,comm,"[8, 1, 2048, 8]",torch.bfloat16
all_gather,forward,"[8, 9, 10, 11, 12, 13, 14, 15]",0,0,192,1164001.5414450318,1164001.5414450318,0,comm,"[8, 1, 2048, 8]",torch.bfloat16
all_to_all_single,forward,"[8, 9, 10, 11, 12, 13, 14, 15]",0,0,193,1164280.9335608035,1164280.9335608035,0,comm,"[16, 1, 2048, 128]",torch.bfloat16
all_to_all_single,forward,"[8, 9, 10, 11, 12, 13, 14, 15]",0,0,194,1164760.560495779,1164760.560495779,0,comm,"[16, 8, 256, 192]",torch.bfloat16
all_to_all_single,forward,"[8, 9, 10, 11, 12, 13, 14, 15]",0,0,195,1165125.714847818,1165125.714847818,0,comm,"[16, 2048, 1, 192]",torch.bfloat16
all_gather,forward,"[8, 9, 10, 11, 12, 13, 14, 15]",0,0,196,1165616.6836619377,1165616.6836619377,0,comm,"[8, 2048, 2, 192]",torch.bfloat16
all_reduce,forward,"[8, 9, 10, 11, 12, 13, 14, 15]",0,0,197,1169439.1388446093,1169439.1388446093,0,comm,"[8, 2048, 2048]",torch.bfloat16
all_reduce,forward,"[8, 9, 10, 11, 12, 13, 14, 15]",0,0,198,1169553.4638129175,1169553.4638129175,0,comm,"[8, 2048, 2048]",torch.bfloat16
all_reduce,forward,"[8, 9, 10, 11, 12, 13, 14, 15]",0,0,199,1170921.383658424,1170921.383658424,0,comm,"[8, 2048, 576]",torch.bfloat16
all_to_all_single,forward,"[8, 9, 10, 11, 12, 13, 14, 15]",0,0,200,1171543.076634407,1171543.076634407,0,comm,"[8, 256, 16, 256]",torch.bfloat16
all_gather,forward,"[8, 9, 10, 11, 12, 13, 14, 15]",0,0,201,1173702.2190354764,1173702.2190354764,0,comm,"[8, 1, 2048, 8]",torch.bfloat16
all_gather,forward,"[8, 9, 10, 11, 12, 13, 14, 15]",0,0,202,1173861.4882342517,1173861.4882342517,0,comm,"[8, 1, 2048, 8]",torch.bfloat16
all_to_all_single,forward,"[8, 9, 10, 11, 12, 13, 14, 15]",0,0,203,1174133.5382685065,1174133.5382685065,0,comm,"[16, 1, 2048, 128]",torch.bfloat16
all_to_all_single,forward,"[8, 9, 10, 11, 12, 13, 14, 15]",0,0,204,1174623.8954365253,1174623.8954365253,0,comm,"[16, 8, 256, 192]",torch.bfloat16
all_to_all_single,forward,"[8, 9, 10, 11, 12, 13, 14, 15]",0,0,205,1174988.0474526435,1174988.0474526435,0,comm,"[16, 2048, 1, 192]",torch.bfloat16
all_gather,forward,"[8, 9, 10, 11, 12, 13, 14, 15]",0,0,206,1175485.438434407,1175485.438434407,0,comm,"[8, 2048, 2, 192]",torch.bfloat16
all_reduce,forward,"[8, 9, 10, 11, 12, 13, 14, 15]",0,0,207,1179267.1461589634,1179267.1461589634,0,comm,"[8, 2048, 2048]",torch.bfloat16
all_reduce,forward,"[8, 9, 10, 11, 12, 13, 14, 15]",0,0,208,1179376.0899454355,1179376.0899454355,0,comm,"[8, 2048, 2048]",torch.bfloat16
all_reduce,forward,"[8, 9, 10, 11, 12, 13, 14, 15]",0,0,209,1180744.6419261396,1180744.6419261396,0,comm,"[8, 2048, 576]",torch.bfloat16
all_to_all_single,forward,"[8, 9, 10, 11, 12, 13, 14, 15]",0,0,210,1181404.927978292,1181404.927978292,0,comm,"[8, 256, 16, 256]",torch.bfloat16
all_gather,forward,"[8, 9, 10, 11, 12, 13, 14, 15]",0,0,211,1183633.8799912483,1183633.8799912483,0,comm,"[8, 1, 2048, 8]",torch.bfloat16
all_gather,forward,"[8, 9, 10, 11, 12, 13, 14, 15]",0,0,212,1183804.440079257,1183804.440079257,0,comm,"[8, 1, 2048, 8]",torch.bfloat16
all_to_all_single,forward,"[8, 9, 10, 11, 12, 13, 14, 15]",0,0,213,1184088.4420089424,1184088.4420089424,0,comm,"[16, 1, 2048, 128]",torch.bfloat16
all_to_all_single,forward,"[8, 9, 10, 11, 12, 13, 14, 15]",0,0,214,1184607.2820480913,1184607.2820480913,0,comm,"[16, 8, 256, 192]",torch.bfloat16
all_to_all_single,forward,"[8, 9, 10, 11, 12, 13, 14, 15]",0,0,215,1185000.860132277,1185000.860132277,0,comm,"[16, 2048, 1, 192]",torch.bfloat16
all_gather,forward,"[8, 9, 10, 11, 12, 13, 14, 15]",0,0,216,1185500.173131004,1185500.173131004,0,comm,"[8, 2048, 2, 192]",torch.bfloat16
all_reduce,forward,"[8, 9, 10, 11, 12, 13, 14, 15]",0,0,217,1189383.6758099496,1189383.6758099496,0,comm,"[8, 2048, 2048]",torch.bfloat16
all_reduce,forward,"[8, 9, 10, 11, 12, 13, 14, 15]",0,0,218,1189496.086910367,1189496.086910367,0,comm,"[8, 2048, 2048]",torch.bfloat16
all_reduce,forward,"[8, 9, 10, 11, 12, 13, 14, 15]",0,0,219,1190932.3772415519,1190932.3772415519,0,comm,"[8, 2048, 576]",torch.bfloat16
all_to_all_single,forward,"[8, 9, 10, 11, 12, 13, 14, 15]",0,0,220,1191604.116000235,1191604.116000235,0,comm,"[8, 256, 16, 256]",torch.bfloat16
all_gather,forward,"[8, 9, 10, 11, 12, 13, 14, 15]",0,0,221,1193840.241059661,1193840.241059661,0,comm,"[8, 1, 2048, 8]",torch.bfloat16
all_gather,forward,"[8, 9, 10, 11, 12, 13, 14, 15]",0,0,222,1194002.0942129195,1194002.0942129195,0,comm,"[8, 1, 2048, 8]",torch.bfloat16
all_to_all_single,forward,"[8, 9, 10, 11, 12, 13, 14, 15]",0,0,223,1194282.0663098246,1194282.0663098246,0,comm,"[16, 1, 2048, 128]",torch.bfloat16
all_to_all_single,forward,"[8, 9, 10, 11, 12, 13, 14, 15]",0,0,224,1194786.571431905,1194786.571431905,0,comm,"[16, 8, 256, 192]",torch.bfloat16
all_to_all_single,forward,"[8, 9, 10, 11, 12, 13, 14, 15]",0,0,225,1195163.6373996735,1195163.6373996735,0,comm,"[16, 2048, 1, 192]",torch.bfloat16
all_gather,forward,"[8, 9, 10, 11, 12, 13, 14, 15]",0,0,226,1195676.5071954578,1195676.5071954578,0,comm,"[8, 2048, 2, 192]",torch.bfloat16
all_reduce,forward,"[8, 9, 10, 11, 12, 13, 14, 15]",0,0,227,1199584.310874343,1199584.310874343,0,comm,"[8, 2048, 2048]",torch.bfloat16
all_reduce,forward,"[8, 9, 10, 11, 12, 13, 14, 15]",0,0,228,1199695.8497911692,1199695.8497911692,0,comm,"[8, 2048, 2048]",torch.bfloat16
all_reduce,forward,"[8, 9, 10, 11, 12, 13, 14, 15]",0,0,229,1201085.5895932764,1201085.5895932764,0,comm,"[8, 2048, 576]",torch.bfloat16
all_to_all_single,forward,"[8, 9, 10, 11, 12, 13, 14, 15]",0,0,230,1201743.3408182114,1201743.3408182114,0,comm,"[8, 256, 16, 256]",torch.bfloat16
all_gather,forward,"[8, 9, 10, 11, 12, 13, 14, 15]",0,0,231,1204009.513137862,1204009.513137862,0,comm,"[8, 1, 2048, 8]",torch.bfloat16
all_gather,forward,"[8, 9, 10, 11, 12, 13, 14, 15]",0,0,232,1204173.2391808182,1204173.2391808182,0,comm,"[8, 1, 2048, 8]",torch.bfloat16
all_to_all_single,forward,"[8, 9, 10, 11, 12, 13, 14, 15]",0,0,233,1204464.714275673,1204464.714275673,0,comm,"[16, 1, 2048, 128]",torch.bfloat16
all_to_all_single,forward,"[8, 9, 10, 11, 12, 13, 14, 15]",0,0,234,1204972.494393587,1204972.494393587,0,comm,"[16, 8, 256, 192]",torch.bfloat16
all_to_all_single,forward,"[8, 9, 10, 11, 12, 13, 14, 15]",0,0,235,1205355.1303688437,1205355.1303688437,0,comm,"[16, 2048, 1, 192]",torch.bfloat16
all_gather,forward,"[8, 9, 10, 11, 12, 13, 14, 15]",0,0,236,1205854.6144980937,1205854.6144980937,0,comm,"[8, 2048, 2, 192]",torch.bfloat16
all_reduce,forward,"[8, 9, 10, 11, 12, 13, 14, 15]",0,0,237,1209718.2252909988,1209718.2252909988,0,comm,"[8, 2048, 2048]",torch.bfloat16
all_reduce,forward,"[8, 9, 10, 11, 12, 13, 14, 15]",0,0,238,1209834.6722777933,1209834.6722777933,0,comm,"[8, 2048, 2048]",torch.bfloat16
all_reduce,forward,"[8, 9, 10, 11, 12, 13, 14, 15]",0,0,239,1211213.7055955827,1211213.7055955827,0,comm,"[8, 2048, 576]",torch.bfloat16
all_to_all_single,forward,"[8, 9, 10, 11, 12, 13, 14, 15]",0,0,240,1211855.6292261928,1211855.6292261928,0,comm,"[8, 256, 16, 256]",torch.bfloat16
all_gather,forward,"[8, 9, 10, 11, 12, 13, 14, 15]",0,0,241,1214070.284506306,1214070.284506306,0,comm,"[8, 1, 2048, 8]",torch.bfloat16
all_gather,forward,"[8, 9, 10, 11, 12, 13, 14, 15]",0,0,242,1214231.7174002528,1214231.7174002528,0,comm,"[8, 1, 2048, 8]",torch.bfloat16
all_to_all_single,forward,"[8, 9, 10, 11, 12, 13, 14, 15]",0,0,243,1214521.6702483594,1214521.6702483594,0,comm,"[16, 1, 2048, 128]",torch.bfloat16
all_to_all_single,forward,"[8, 9, 10, 11, 12, 13, 14, 15]",0,0,244,1215012.2583843768,1215012.2583843768,0,comm,"[16, 8, 256, 192]",torch.bfloat16
all_to_all_single,forward,"[8, 9, 10, 11, 12, 13, 14, 15]",0,0,245,1215406.7256487906,1215406.7256487906,0,comm,"[16, 2048, 1, 192]",torch.bfloat16
all_gather,forward,"[8, 9, 10, 11, 12, 13, 14, 15]",0,0,246,1215900.7997252047,1215900.7997252047,0,comm,"[8, 2048, 2, 192]",torch.bfloat16
all_reduce,forward,"[8, 9, 10, 11, 12, 13, 14, 15]",0,0,247,1219717.892119661,1219717.892119661,0,comm,"[8, 2048, 2048]",torch.bfloat16
all_reduce,forward,"[8, 9, 10, 11, 12, 13, 14, 15]",0,0,248,1219830.0810996443,1219830.0810996443,0,comm,"[8, 2048, 2048]",torch.bfloat16
all_reduce,forward,"[8, 9, 10, 11, 12, 13, 14, 15]",0,0,249,1221206.6068314016,1221206.6068314016,0,comm,"[8, 2048, 576]",torch.bfloat16
all_to_all_single,forward,"[8, 9, 10, 11, 12, 13, 14, 15]",0,0,250,1221844.9024949223,1221844.9024949223,0,comm,"[8, 256, 16, 256]",torch.bfloat16
all_gather,forward,"[8, 9, 10, 11, 12, 13, 14, 15]",0,0,251,1224284.6409790218,1224284.6409790218,0,comm,"[8, 1, 2048, 8]",torch.bfloat16
all_gather,forward,"[8, 9, 10, 11, 12, 13, 14, 15]",0,0,252,1224446.6640986502,1224446.6640986502,0,comm,"[8, 1, 2048, 8]",torch.bfloat16
all_to_all_single,forward,"[8, 9, 10, 11, 12, 13, 14, 15]",0,0,253,1224729.5232955366,1224729.5232955366,0,comm,"[16, 1, 2048, 128]",torch.bfloat16
all_to_all_single,forward,"[8, 9, 10, 11, 12, 13, 14, 15]",0,0,254,1225251.3805869967,1225251.3805869967,0,comm,"[16, 8, 256, 192]",torch.bfloat16
all_to_all_single,forward,"[8, 9, 10, 11, 12, 13, 14, 15]",0,0,255,1225625.0586360693,1225625.0586360693,0,comm,"[16, 2048, 1, 192]",torch.bfloat16
all_gather,forward,"[8, 9, 10, 11, 12, 13, 14, 15]",0,0,256,1226124.624721706,1226124.624721706,0,comm,"[8, 2048, 2, 192]",torch.bfloat16
all_reduce,forward,"[8, 9, 10, 11, 12, 13, 14, 15]",0,0,257,1230021.7368174344,1230021.7368174344,0,comm,"[8, 2048, 2048]",torch.bfloat16
all_reduce,forward,"[8, 9, 10, 11, 12, 13, 14, 15]",0,0,258,1230132.2726998478,1230132.2726998478,0,comm,"[8, 2048, 2048]",torch.bfloat16
all_reduce,forward,"[8, 9, 10, 11, 12, 13, 14, 15]",0,0,259,1234307.0560600609,1234307.0560600609,0,comm,"[8, 2048, 576]",torch.bfloat16
all_to_all_single,forward,"[8, 9, 10, 11, 12, 13, 14, 15]",0,0,260,1234943.5179494321,1234943.5179494321,0,comm,"[8, 256, 16, 256]",torch.bfloat16
all_gather,forward,"[8, 9, 10, 11, 12, 13, 14, 15]",0,0,261,1237187.3892843723,1237187.3892843723,0,comm,"[8, 1, 2048, 8]",torch.bfloat16
all_gather,forward,"[8, 9, 10, 11, 12, 13, 14, 15]",0,0,262,1237350.1942493021,1237350.1942493021,0,comm,"[8, 1, 2048, 8]",torch.bfloat16
all_to_all_single,forward,"[8, 9, 10, 11, 12, 13, 14, 15]",0,0,263,1237634.456017986,1237634.456017986,0,comm,"[16, 1, 2048, 128]",torch.bfloat16
all_to_all_single,forward,"[8, 9, 10, 11, 12, 13, 14, 15]",0,0,264,1238128.4120492637,1238128.4120492637,0,comm,"[16, 8, 256, 192]",torch.bfloat16
all_to_all_single,forward,"[8, 9, 10, 11, 12, 13, 14, 15]",0,0,265,1238496.5799283236,1238496.5799283236,0,comm,"[16, 2048, 1, 192]",torch.bfloat16
all_gather,forward,"[8, 9, 10, 11, 12, 13, 14, 15]",0,0,266,1239000.9437222034,1239000.9437222034,0,comm,"[8, 2048, 2, 192]",torch.bfloat16
all_reduce,forward,"[8, 9, 10, 11, 12, 13, 14, 15]",0,0,267,1242943.1229829788,1242943.1229829788,0,comm,"[8, 2048, 2048]",torch.bfloat16
all_reduce,forward,"[8, 9, 10, 11, 12, 13, 14, 15]",0,0,268,1243056.9059215486,1243056.9059215486,0,comm,"[8, 2048, 2048]",torch.bfloat16
all_to_all_single,forward,"[8, 9, 10, 11, 12, 13, 14, 15]",0,0,269,1247203.3977974206,1247203.3977974206,0,comm,"[8, 2048, 12800]",torch.bfloat16
all_reduce,forward,"[8, 9, 10, 11, 12, 13, 14, 15]",0,0,270,1250569.256953895,1250569.256953895,0,comm,[1],torch.float32
all_reduce,forward,"[8, 9, 10, 11, 12, 13, 14, 15]",0,0,271,1250719.0781179816,1250719.0781179816,0,comm,[1],torch.float32
all_reduce,forward,"[8, 9, 10, 11, 12, 13, 14, 15]",0,0,272,1250824.0251336247,1250824.0251336247,0,comm,[1],torch.float32
all_to_all_single,backward,"[8, 9, 10, 11, 12, 13, 14, 15]",0,0,273,1254274.6851686388,1254274.6851686388,0,comm,"[102400, 2048, 1]",torch.bfloat16
all_reduce,backward,"[8, 9, 10, 11, 12, 13, 14, 15]",0,0,274,1264507.4888132513,1264507.4888132513,0,comm,"[8, 2048, 2048]",torch.bfloat16
all_reduce,backward,"[8, 9, 10, 11, 12, 13, 14, 15]",0,0,275,1267293.5351729393,1267293.5351729393,0,comm,"[8, 2048, 2048]",torch.bfloat16
all_reduce,backward,"[8, 9, 10, 11, 12, 13, 14, 15]",0,0,276,1268100.5871854722,1268100.5871854722,0,comm,"[8, 2048, 2048]",torch.bfloat16
all_reduce,backward,"[8, 9, 10, 11, 12, 13, 14, 15]",0,0,277,1268335.547298193,1268335.547298193,0,comm,"[8, 2048, 2048]",torch.bfloat16
all_reduce,backward,"[8, 9, 10, 11, 12, 13, 14, 15]",0,0,278,1268561.630276963,1268561.630276963,0,comm,[1],torch.float32
all_reduce,backward,"[8, 9, 10, 11, 12, 13, 14, 15]",0,0,279,1268793.5042195022,1268793.5042195022,0,comm,"[16384, 6]",torch.float32
all_to_all_single,backward,"[8, 9, 10, 11, 12, 13, 14, 15]",0,0,280,1274727.5719884783,1274727.5719884783,0,comm,"[8, 2048, 2, 192]",torch.bfloat16
all_to_all_single,backward,"[8, 9, 10, 11, 12, 13, 14, 15]",0,0,281,1275517.3686891794,1275517.3686891794,0,comm,"[2048, 2, 8, 192]",torch.bfloat16
all_gather,backward,"[8, 9, 10, 11, 12, 13, 14, 15]",0,0,282,1276219.4036040455,1276219.4036040455,0,comm,"[8, 2, 2048, 64]",torch.bfloat16
all_to_all_single,backward,"[8, 9, 10, 11, 12, 13, 14, 15]",0,0,283,1276474.8027548194,1276474.8027548194,0,comm,"[8, 2, 2048, 128]",torch.bfloat16
all_gather,backward,"[8, 9, 10, 11, 12, 13, 14, 15]",0,0,284,1277905.07953614,1277905.07953614,0,comm,"[8, 1, 2048, 8]",torch.bfloat16
all_gather,backward,"[8, 9, 10, 11, 12, 13, 14, 15]",0,0,285,1450767.8875233978,1450767.8875233978,0,comm,"[8, 1, 2048, 8]",torch.bfloat16
all_to_all_single,backward,"[8, 9, 10, 11, 12, 13, 14, 15]",0,0,286,1453430.111054331,1453430.111054331,0,comm,"[2048, 1, 16, 256]",torch.bfloat16
all_gather,backward,"[8, 9, 10, 11, 12, 13, 14, 15]",0,0,287,1454414.9450957775,1454414.9450957775,0,comm,"[8, 256, 512]",torch.bfloat16
all_gather,backward,"[8, 9, 10, 11, 12, 13, 14, 15]",0,0,288,1455531.5054021776,1455531.5054021776,0,comm,"[8, 2048, 256]",torch.bfloat16
all_gather,backward,"[8, 9, 10, 11, 12, 13, 14, 15]",0,0,289,1456615.6463697553,1456615.6463697553,0,comm,"[8, 256, 2048]",torch.bfloat16
all_reduce,backward,"[8, 9, 10, 11, 12, 13, 14, 15]",0,0,290,1459808.8345956057,1459808.8345956057,0,comm,"[8, 2048, 2048]",torch.bfloat16
all_reduce,backward,"[8, 9, 10, 11, 12, 13, 14, 15]",0,0,291,1460789.871867746,1460789.871867746,0,comm,"[8, 2048, 2048]",torch.bfloat16
all_reduce,backward,"[8, 9, 10, 11, 12, 13, 14, 15]",0,0,292,1461041.43303819,1461041.43303819,0,comm,"[8, 2048, 2048]",torch.bfloat16
all_reduce,backward,"[8, 9, 10, 11, 12, 13, 14, 15]",0,0,293,1461277.275113389,1461277.275113389,0,comm,[1],torch.float32
all_reduce,backward,"[8, 9, 10, 11, 12, 13, 14, 15]",0,0,294,1461510.7320714742,1461510.7320714742,0,comm,"[16384, 6]",torch.float32
all_to_all_single,backward,"[8, 9, 10, 11, 12, 13, 14, 15]",0,0,295,1467355.1404848695,1467355.1404848695,0,comm,"[8, 2048, 2, 192]",torch.bfloat16
all_to_all_single,backward,"[8, 9, 10, 11, 12, 13, 14, 15]",0,0,296,1468113.3304256946,1468113.3304256946,0,comm,"[2048, 2, 8, 192]",torch.bfloat16
all_gather,backward,"[8, 9, 10, 11, 12, 13, 14, 15]",0,0,297,1468808.6919486523,1468808.6919486523,0,comm,"[8, 2, 2048, 64]",torch.bfloat16
all_to_all_single,backward,"[8, 9, 10, 11, 12, 13, 14, 15]",0,0,298,1469057.6870925725,1469057.6870925725,0,comm,"[8, 2, 2048, 128]",torch.bfloat16
all_gather,backward,"[8, 9, 10, 11, 12, 13, 14, 15]",0,0,299,1470432.8100197017,1470432.8100197017,0,comm,"[8, 1, 2048, 8]",torch.bfloat16
all_gather,backward,"[8, 9, 10, 11, 12, 13, 14, 15]",0,0,300,1471628.1769797206,1471628.1769797206,0,comm,"[8, 1, 2048, 8]",torch.bfloat16
all_to_all_single,backward,"[8, 9, 10, 11, 12, 13, 14, 15]",0,0,301,1474238.615250215,1474238.615250215,0,comm,"[2048, 1, 16, 256]",torch.bfloat16
all_gather,backward,"[8, 9, 10, 11, 12, 13, 14, 15]",0,0,302,1475172.1022184938,1475172.1022184938,0,comm,"[8, 256, 512]",torch.bfloat16
all_gather,backward,"[8, 9, 10, 11, 12, 13, 14, 15]",0,0,303,1476244.860328734,1476244.860328734,0,comm,"[8, 2048, 256]",torch.bfloat16
all_gather,backward,"[8, 9, 10, 11, 12, 13, 14, 15]",0,0,304,1477320.373058319,1477320.373058319,0,comm,"[8, 256, 2048]",torch.bfloat16
all_reduce,backward,"[8, 9, 10, 11, 12, 13, 14, 15]",0,0,305,1480499.7446481138,1480499.7446481138,0,comm,"[8, 2048, 2048]",torch.bfloat16
all_reduce,backward,"[8, 9, 10, 11, 12, 13, 14, 15]",0,0,306,1481267.0992687345,1481267.0992687345,0,comm,"[8, 2048, 2048]",torch.bfloat16
all_reduce,backward,"[8, 9, 10, 11, 12, 13, 14, 15]",0,0,307,1481499.1045277566,1481499.1045277566,0,comm,"[8, 2048, 2048]",torch.bfloat16
all_reduce,backward,"[8, 9, 10, 11, 12, 13, 14, 15]",0,0,308,1481730.7265475392,1481730.7265475392,0,comm,[1],torch.float32
all_reduce,backward,"[8, 9, 10, 11, 12, 13, 14, 15]",0,0,309,1481953.8025185466,1481953.8025185466,0,comm,"[16384, 6]",torch.float32
all_to_all_single,backward,"[8, 9, 10, 11, 12, 13, 14, 15]",0,0,310,1487730.60599342,1487730.60599342,0,comm,"[8, 2048, 2, 192]",torch.bfloat16
all_to_all_single,backward,"[8, 9, 10, 11, 12, 13, 14, 15]",0,0,311,1488495.8192706108,1488495.8192706108,0,comm,"[2048, 2, 8, 192]",torch.bfloat16
all_gather,backward,"[8, 9, 10, 11, 12, 13, 14, 15]",0,0,312,1489184.118108824,1489184.118108824,0,comm,"[8, 2, 2048, 64]",torch.bfloat16
all_to_all_single,backward,"[8, 9, 10, 11, 12, 13, 14, 15]",0,0,313,1489434.8881207407,1489434.8881207407,0,comm,"[8, 2, 2048, 128]",torch.bfloat16
all_gather,backward,"[8, 9, 10, 11, 12, 13, 14, 15]",0,0,314,1490818.6383545399,1490818.6383545399,0,comm,"[8, 1, 2048, 8]",torch.bfloat16
all_gather,backward,"[8, 9, 10, 11, 12, 13, 14, 15]",0,0,315,1492015.759460628,1492015.759460628,0,comm,"[8, 1, 2048, 8]",torch.bfloat16
all_to_all_single,backward,"[8, 9, 10, 11, 12, 13, 14, 15]",0,0,316,1494611.5196216851,1494611.5196216851,0,comm,"[2048, 1, 16, 256]",torch.bfloat16
all_gather,backward,"[8, 9, 10, 11, 12, 13, 14, 15]",0,0,317,1495534.788351506,1495534.788351506,0,comm,"[8, 256, 512]",torch.bfloat16
all_gather,backward,"[8, 9, 10, 11, 12, 13, 14, 15]",0,0,318,1496615.4722496867,1496615.4722496867,0,comm,"[8, 2048, 256]",torch.bfloat16
all_gather,backward,"[8, 9, 10, 11, 12, 13, 14, 15]",0,0,319,1497668.0935360491,1497668.0935360491,0,comm,"[8, 256, 2048]",torch.bfloat16
all_reduce,backward,"[8, 9, 10, 11, 12, 13, 14, 15]",0,0,320,1500798.2235401869,1500798.2235401869,0,comm,"[8, 2048, 2048]",torch.bfloat16
all_reduce,backward,"[8, 9, 10, 11, 12, 13, 14, 15]",0,0,321,1501569.106709212,1501569.106709212,0,comm,"[8, 2048, 2048]",torch.bfloat16
all_reduce,backward,"[8, 9, 10, 11, 12, 13, 14, 15]",0,0,322,1501798.8868057728,1501798.8868057728,0,comm,"[8, 2048, 2048]",torch.bfloat16
all_reduce,backward,"[8, 9, 10, 11, 12, 13, 14, 15]",0,0,323,1502028.3358171582,1502028.3358171582,0,comm,[1],torch.float32
all_reduce,backward,"[8, 9, 10, 11, 12, 13, 14, 15]",0,0,324,1502250.961959362,1502250.961959362,0,comm,"[16384, 6]",torch.float32
all_to_all_single,backward,"[8, 9, 10, 11, 12, 13, 14, 15]",0,0,325,1508086.4543560892,1508086.4543560892,0,comm,"[8, 2048, 2, 192]",torch.bfloat16
all_to_all_single,backward,"[8, 9, 10, 11, 12, 13, 14, 15]",0,0,326,1508849.683450535,1508849.683450535,0,comm,"[2048, 2, 8, 192]",torch.bfloat16
all_gather,backward,"[8, 9, 10, 11, 12, 13, 14, 15]",0,0,327,1509538.0328129977,1509538.0328129977,0,comm,"[8, 2, 2048, 64]",torch.bfloat16
all_to_all_single,backward,"[8, 9, 10, 11, 12, 13, 14, 15]",0,0,328,1509779.6549089253,1509779.6549089253,0,comm,"[8, 2, 2048, 128]",torch.bfloat16
all_gather,backward,"[8, 9, 10, 11, 12, 13, 14, 15]",0,0,329,1511162.9127059132,1511162.9127059132,0,comm,"[8, 1, 2048, 8]",torch.bfloat16
all_gather,backward,"[8, 9, 10, 11, 12, 13, 14, 15]",0,0,330,1512373.7177345902,1512373.7177345902,0,comm,"[8, 1, 2048, 8]",torch.bfloat16
all_to_all_single,backward,"[8, 9, 10, 11, 12, 13, 14, 15]",0,0,331,1515064.2662774771,1515064.2662774771,0,comm,"[2048, 1, 16, 256]",torch.bfloat16
all_gather,backward,"[8, 9, 10, 11, 12, 13, 14, 15]",0,0,332,1515981.9042310119,1515981.9042310119,0,comm,"[8, 256, 512]",torch.bfloat16
all_gather,backward,"[8, 9, 10, 11, 12, 13, 14, 15]",0,0,333,1517052.4278655648,1517052.4278655648,0,comm,"[8, 2048, 256]",torch.bfloat16
all_gather,backward,"[8, 9, 10, 11, 12, 13, 14, 15]",0,0,334,1518150.562653318,1518150.562653318,0,comm,"[8, 256, 2048]",torch.bfloat16
all_reduce,backward,"[8, 9, 10, 11, 12, 13, 14, 15]",0,0,335,1521304.3366093189,1521304.3366093189,0,comm,"[8, 2048, 2048]",torch.bfloat16
all_reduce,backward,"[8, 9, 10, 11, 12, 13, 14, 15]",0,0,336,1522084.5269504935,1522084.5269504935,0,comm,"[8, 2048, 2048]",torch.bfloat16
all_reduce,backward,"[8, 9, 10, 11, 12, 13, 14, 15]",0,0,337,1522332.9721484333,1522332.9721484333,0,comm,"[8, 2048, 2048]",torch.bfloat16
all_reduce,backward,"[8, 9, 10, 11, 12, 13, 14, 15]",0,0,338,1522578.803356737,1522578.803356737,0,comm,[1],torch.float32
all_reduce,backward,"[8, 9, 10, 11, 12, 13, 14, 15]",0,0,339,1522816.2184357643,1522816.2184357643,0,comm,"[16384, 6]",torch.float32
all_to_all_single,backward,"[8, 9, 10, 11, 12, 13, 14, 15]",0,0,340,1528619.640506804,1528619.640506804,0,comm,"[8, 2048, 2, 192]",torch.bfloat16
all_to_all_single,backward,"[8, 9, 10, 11, 12, 13, 14, 15]",0,0,341,1529448.6025813967,1529448.6025813967,0,comm,"[2048, 2, 8, 192]",torch.bfloat16
all_gather,backward,"[8, 9, 10, 11, 12, 13, 14, 15]",0,0,342,1530159.6333738416,1530159.6333738416,0,comm,"[8, 2, 2048, 64]",torch.bfloat16
all_to_all_single,backward,"[8, 9, 10, 11, 12, 13, 14, 15]",0,0,343,1530411.3642778248,1530411.3642778248,0,comm,"[8, 2, 2048, 128]",torch.bfloat16
all_gather,backward,"[8, 9, 10, 11, 12, 13, 14, 15]",0,0,344,1531794.8246374726,1531794.8246374726,0,comm,"[8, 1, 2048, 8]",torch.bfloat16
all_gather,backward,"[8, 9, 10, 11, 12, 13, 14, 15]",0,0,345,1533027.2840801626,1533027.2840801626,0,comm,"[8, 1, 2048, 8]",torch.bfloat16
all_to_all_single,backward,"[8, 9, 10, 11, 12, 13, 14, 15]",0,0,346,1535704.7461438924,1535704.7461438924,0,comm,"[2048, 1, 16, 256]",torch.bfloat16
all_gather,backward,"[8, 9, 10, 11, 12, 13, 14, 15]",0,0,347,1536606.4340341836,1536606.4340341836,0,comm,"[8, 256, 512]",torch.bfloat16
all_gather,backward,"[8, 9, 10, 11, 12, 13, 14, 15]",0,0,348,1537686.2951088697,1537686.2951088697,0,comm,"[8, 2048, 256]",torch.bfloat16
all_gather,backward,"[8, 9, 10, 11, 12, 13, 14, 15]",0,0,349,1538759.8529923707,1538759.8529923707,0,comm,"[8, 256, 2048]",torch.bfloat16
all_reduce,backward,"[8, 9, 10, 11, 12, 13, 14, 15]",0,0,350,1541940.1463586837,1541940.1463586837,0,comm,"[8, 2048, 2048]",torch.bfloat16
all_reduce,backward,"[8, 9, 10, 11, 12, 13, 14, 15]",0,0,351,1542725.6065886468,1542725.6065886468,0,comm,"[8, 2048, 2048]",torch.bfloat16
all_reduce,backward,"[8, 9, 10, 11, 12, 13, 14, 15]",0,0,352,1542974.1016123444,1542974.1016123444,0,comm,"[8, 2048, 2048]",torch.bfloat16
all_reduce,backward,"[8, 9, 10, 11, 12, 13, 14, 15]",0,0,353,1543202.4986948818,1543202.4986948818,0,comm,[1],torch.float32
all_reduce,backward,"[8, 9, 10, 11, 12, 13, 14, 15]",0,0,354,1543450.7629834116,1543450.7629834116,0,comm,"[16384, 6]",torch.float32
all_to_all_single,backward,"[8, 9, 10, 11, 12, 13, 14, 15]",0,0,355,1549301.635939628,1549301.635939628,0,comm,"[8, 2048, 2, 192]",torch.bfloat16
all_to_all_single,backward,"[8, 9, 10, 11, 12, 13, 14, 15]",0,0,356,1550066.4601568133,1550066.4601568133,0,comm,"[2048, 2, 8, 192]",torch.bfloat16
all_gather,backward,"[8, 9, 10, 11, 12, 13, 14, 15]",0,0,357,1550763.00422661,1550763.00422661,0,comm,"[8, 2, 2048, 64]",torch.bfloat16
all_to_all_single,backward,"[8, 9, 10, 11, 12, 13, 14, 15]",0,0,358,1551014.8461908102,1551014.8461908102,0,comm,"[8, 2, 2048, 128]",torch.bfloat16
all_gather,backward,"[8, 9, 10, 11, 12, 13, 14, 15]",0,0,359,1552381.5830238163,1552381.5830238163,0,comm,"[8, 1, 2048, 8]",torch.bfloat16
all_gather,backward,"[8, 9, 10, 11, 12, 13, 14, 15]",0,0,360,1553597.470279783,1553597.470279783,0,comm,"[8, 1, 2048, 8]",torch.bfloat16
all_to_all_single,backward,"[8, 9, 10, 11, 12, 13, 14, 15]",0,0,361,1556203.487329185,1556203.487329185,0,comm,"[2048, 1, 16, 256]",torch.bfloat16
all_gather,backward,"[8, 9, 10, 11, 12, 13, 14, 15]",0,0,362,1557075.5302906036,1557075.5302906036,0,comm,"[8, 256, 512]",torch.bfloat16
all_gather,backward,"[8, 9, 10, 11, 12, 13, 14, 15]",0,0,363,1558138.9411818236,1558138.9411818236,0,comm,"[8, 2048, 256]",torch.bfloat16
all_gather,backward,"[8, 9, 10, 11, 12, 13, 14, 15]",0,0,364,1559202.963951975,1559202.963951975,0,comm,"[8, 256, 2048]",torch.bfloat16
all_reduce,backward,"[8, 9, 10, 11, 12, 13, 14, 15]",0,0,365,1562320.7199387252,1562320.7199387252,0,comm,"[8, 2048, 2048]",torch.bfloat16
all_reduce,backward,"[8, 9, 10, 11, 12, 13, 14, 15]",0,0,366,1563100.0900175422,1563100.0900175422,0,comm,"[8, 2048, 2048]",torch.bfloat16
all_reduce,backward,"[8, 9, 10, 11, 12, 13, 14, 15]",0,0,367,1563328.969059512,1563328.969059512,0,comm,"[8, 2048, 2048]",torch.bfloat16
all_reduce,backward,"[8, 9, 10, 11, 12, 13, 14, 15]",0,0,368,1563551.7369955778,1563551.7369955778,0,comm,[1],torch.float32
all_reduce,backward,"[8, 9, 10, 11, 12, 13, 14, 15]",0,0,369,1563774.3438128382,1563774.3438128382,0,comm,"[16384, 6]",torch.float32
all_to_all_single,backward,"[8, 9, 10, 11, 12, 13, 14, 15]",0,0,370,1569694.7798132896,1569694.7798132896,0,comm,"[8, 2048, 2, 192]",torch.bfloat16
all_to_all_single,backward,"[8, 9, 10, 11, 12, 13, 14, 15]",0,0,371,1570470.8425328135,1570470.8425328135,0,comm,"[2048, 2, 8, 192]",torch.bfloat16
all_gather,backward,"[8, 9, 10, 11, 12, 13, 14, 15]",0,0,372,1571168.468799442,1571168.468799442,0,comm,"[8, 2, 2048, 64]",torch.bfloat16
all_to_all_single,backward,"[8, 9, 10, 11, 12, 13, 14, 15]",0,0,373,1571424.2276735604,1571424.2276735604,0,comm,"[8, 2, 2048, 128]",torch.bfloat16
all_gather,backward,"[8, 9, 10, 11, 12, 13, 14, 15]",0,0,374,1572816.8957866728,1572816.8957866728,0,comm,"[8, 1, 2048, 8]",torch.bfloat16
all_gather,backward,"[8, 9, 10, 11, 12, 13, 14, 15]",0,0,375,1574030.7974629104,1574030.7974629104,0,comm,"[8, 1, 2048, 8]",torch.bfloat16
all_to_all_single,backward,"[8, 9, 10, 11, 12, 13, 14, 15]",0,0,376,1576655.4814763367,1576655.4814763367,0,comm,"[2048, 1, 16, 256]",torch.bfloat16
all_gather,backward,"[8, 9, 10, 11, 12, 13, 14, 15]",0,0,377,1577608.5443794727,1577608.5443794727,0,comm,"[8, 256, 512]",torch.bfloat16
all_gather,backward,"[8, 9, 10, 11, 12, 13, 14, 15]",0,0,378,1578697.2506903112,1578697.2506903112,0,comm,"[8, 2048, 256]",torch.bfloat16
all_gather,backward,"[8, 9, 10, 11, 12, 13, 14, 15]",0,0,379,1579745.543655008,1579745.543655008,0,comm,"[8, 256, 2048]",torch.bfloat16
all_reduce,backward,"[8, 9, 10, 11, 12, 13, 14, 15]",0,0,380,1582917.3831734806,1582917.3831734806,0,comm,"[8, 2048, 2048]",torch.bfloat16
all_reduce,backward,"[8, 9, 10, 11, 12, 13, 14, 15]",0,0,381,1583707.431331277,1583707.431331277,0,comm,"[8, 2048, 2048]",torch.bfloat16
all_reduce,backward,"[8, 9, 10, 11, 12, 13, 14, 15]",0,0,382,1583966.9373817742,1583966.9373817742,0,comm,"[8, 2048, 2048]",torch.bfloat16
all_reduce,backward,"[8, 9, 10, 11, 12, 13, 14, 15]",0,0,383,1584196.2250415236,1584196.2250415236,0,comm,[1],torch.float32
all_reduce,backward,"[8, 9, 10, 11, 12, 13, 14, 15]",0,0,384,1584434.5118384808,1584434.5118384808,0,comm,"[16384, 6]",torch.float32
all_to_all_single,backward,"[8, 9, 10, 11, 12, 13, 14, 15]",0,0,385,1590208.5227426142,1590208.5227426142,0,comm,"[8, 2048, 2, 192]",torch.bfloat16
all_to_all_single,backward,"[8, 9, 10, 11, 12, 13, 14, 15]",0,0,386,1590968.023519963,1590968.023519963,0,comm,"[2048, 2, 8, 192]",torch.bfloat16
all_gather,backward,"[8, 9, 10, 11, 12, 13, 14, 15]",0,0,387,1591683.3425872028,1591683.3425872028,0,comm,"[8, 2, 2048, 64]",torch.bfloat16
all_to_all_single,backward,"[8, 9, 10, 11, 12, 13, 14, 15]",0,0,388,1591930.7458680123,1591930.7458680123,0,comm,"[8, 2, 2048, 128]",torch.bfloat16
all_gather,backward,"[8, 9, 10, 11, 12, 13, 14, 15]",0,0,389,1593307.4136264622,1593307.4136264622,0,comm,"[8, 1, 2048, 8]",torch.bfloat16
all_gather,backward,"[8, 9, 10, 11, 12, 13, 14, 15]",0,0,390,1594534.29072164,1594534.29072164,0,comm,"[8, 1, 2048, 8]",torch.bfloat16
all_to_all_single,backward,"[8, 9, 10, 11, 12, 13, 14, 15]",0,0,391,1597177.5562502444,1597177.5562502444,0,comm,"[2048, 1, 16, 256]",torch.bfloat16
all_gather,backward,"[8, 9, 10, 11, 12, 13, 14, 15]",0,0,392,1598071.1479205638,1598071.1479205638,0,comm,"[8, 256, 512]",torch.bfloat16
all_gather,backward,"[8, 9, 10, 11, 12, 13, 14, 15]",0,0,393,1599145.2282760292,1599145.2282760292,0,comm,"[8, 2048, 256]",torch.bfloat16
all_gather,backward,"[8, 9, 10, 11, 12, 13, 14, 15]",0,0,394,1600198.0288419873,1600198.0288419873,0,comm,"[8, 256, 2048]",torch.bfloat16
all_reduce,backward,"[8, 9, 10, 11, 12, 13, 14, 15]",0,0,395,1603351.2314315885,1603351.2314315885,0,comm,"[8, 2048, 2048]",torch.bfloat16
all_reduce,backward,"[8, 9, 10, 11, 12, 13, 14, 15]",0,0,396,1604122.2852654755,1604122.2852654755,0,comm,"[8, 2048, 2048]",torch.bfloat16
all_reduce,backward,"[8, 9, 10, 11, 12, 13, 14, 15]",0,0,397,1604356.6544540226,1604356.6544540226,0,comm,"[8, 2048, 2048]",torch.bfloat16
all_reduce,backward,"[8, 9, 10, 11, 12, 13, 14, 15]",0,0,398,1604648.4312973917,1604648.4312973917,0,comm,[1],torch.float32
all_reduce,backward,"[8, 9, 10, 11, 12, 13, 14, 15]",0,0,399,1604899.7214529663,1604899.7214529663,0,comm,"[16384, 6]",torch.float32
all_to_all_single,backward,"[8, 9, 10, 11, 12, 13, 14, 15]",0,0,400,1610776.693560183,1610776.693560183,0,comm,"[8, 2048, 2, 192]",torch.bfloat16
all_to_all_single,backward,"[8, 9, 10, 11, 12, 13, 14, 15]",0,0,401,1611542.7273325622,1611542.7273325622,0,comm,"[2048, 2, 8, 192]",torch.bfloat16
all_gather,backward,"[8, 9, 10, 11, 12, 13, 14, 15]",0,0,402,1612279.5576229692,1612279.5576229692,0,comm,"[8, 2, 2048, 64]",torch.bfloat16
all_to_all_single,backward,"[8, 9, 10, 11, 12, 13, 14, 15]",0,0,403,1612541.4685811847,1612541.4685811847,0,comm,"[8, 2, 2048, 128]",torch.bfloat16
all_gather,backward,"[8, 9, 10, 11, 12, 13, 14, 15]",0,0,404,1613914.2587780952,1613914.2587780952,0,comm,"[8, 1, 2048, 8]",torch.bfloat16
all_gather,backward,"[8, 9, 10, 11, 12, 13, 14, 15]",0,0,405,1615117.3517573625,1615117.3517573625,0,comm,"[8, 1, 2048, 8]",torch.bfloat16
all_to_all_single,backward,"[8, 9, 10, 11, 12, 13, 14, 15]",0,0,406,1617771.2494973093,1617771.2494973093,0,comm,"[2048, 1, 16, 256]",torch.bfloat16
all_gather,backward,"[8, 9, 10, 11, 12, 13, 14, 15]",0,0,407,1618679.9290589988,1618679.9290589988,0,comm,"[8, 256, 512]",torch.bfloat16
all_gather,backward,"[8, 9, 10, 11, 12, 13, 14, 15]",0,0,408,1619742.2670666128,1619742.2670666128,0,comm,"[8, 2048, 256]",torch.bfloat16
all_gather,backward,"[8, 9, 10, 11, 12, 13, 14, 15]",0,0,409,1620801.5291485935,1620801.5291485935,0,comm,"[8, 256, 2048]",torch.bfloat16
all_reduce,backward,"[8, 9, 10, 11, 12, 13, 14, 15]",0,0,410,1624014.8458164185,1624014.8458164185,0,comm,"[8, 2048, 2048]",torch.bfloat16
all_reduce,backward,"[8, 9, 10, 11, 12, 13, 14, 15]",0,0,411,1624809.4527982175,1624809.4527982175,0,comm,"[8, 2048, 2048]",torch.bfloat16
all_reduce,backward,"[8, 9, 10, 11, 12, 13, 14, 15]",0,0,412,1625041.5369868279,1625041.5369868279,0,comm,"[8, 2048, 2048]",torch.bfloat16
all_reduce,backward,"[8, 9, 10, 11, 12, 13, 14, 15]",0,0,413,1625271.4882139117,1625271.4882139117,0,comm,[1],torch.float32
all_reduce,backward,"[8, 9, 10, 11, 12, 13, 14, 15]",0,0,414,1625513.2600199431,1625513.2600199431,0,comm,"[16384, 6]",torch.float32
all_to_all_single,backward,"[8, 9, 10, 11, 12, 13, 14, 15]",0,0,415,1631313.4292140603,1631313.4292140603,0,comm,"[8, 2048, 2, 192]",torch.bfloat16
all_to_all_single,backward,"[8, 9, 10, 11, 12, 13, 14, 15]",0,0,416,1632101.8158923835,1632101.8158923835,0,comm,"[2048, 2, 8, 192]",torch.bfloat16
all_gather,backward,"[8, 9, 10, 11, 12, 13, 14, 15]",0,0,417,1632784.8038636148,1632784.8038636148,0,comm,"[8, 2, 2048, 64]",torch.bfloat16
all_to_all_single,backward,"[8, 9, 10, 11, 12, 13, 14, 15]",0,0,418,1633035.1016949862,1633035.1016949862,0,comm,"[8, 2, 2048, 128]",torch.bfloat16
all_gather,backward,"[8, 9, 10, 11, 12, 13, 14, 15]",0,0,419,1634430.771926418,1634430.771926418,0,comm,"[8, 1, 2048, 8]",torch.bfloat16
all_gather,backward,"[8, 9, 10, 11, 12, 13, 14, 15]",0,0,420,1635655.6545943022,1635655.6545943022,0,comm,"[8, 1, 2048, 8]",torch.bfloat16
all_to_all_single,backward,"[8, 9, 10, 11, 12, 13, 14, 15]",0,0,421,1638288.4227205068,1638288.4227205068,0,comm,"[2048, 1, 16, 256]",torch.bfloat16
all_gather,backward,"[8, 9, 10, 11, 12, 13, 14, 15]",0,0,422,1639202.76472345,1639202.76472345,0,comm,"[8, 256, 512]",torch.bfloat16
all_gather,backward,"[8, 9, 10, 11, 12, 13, 14, 15]",0,0,423,1640289.2754413188,1640289.2754413188,0,comm,"[8, 2048, 256]",torch.bfloat16
all_gather,backward,"[8, 9, 10, 11, 12, 13, 14, 15]",0,0,424,1641365.141607821,1641365.141607821,0,comm,"[8, 256, 2048]",torch.bfloat16
all_reduce,backward,"[8, 9, 10, 11, 12, 13, 14, 15]",0,0,425,1644488.4999655187,1644488.4999655187,0,comm,"[8, 2048, 2048]",torch.bfloat16
all_reduce,backward,"[8, 9, 10, 11, 12, 13, 14, 15]",0,0,426,1645265.5240427703,1645265.5240427703,0,comm,"[8, 2048, 2048]",torch.bfloat16
all_reduce,backward,"[8, 9, 10, 11, 12, 13, 14, 15]",0,0,427,1645510.9240487218,1645510.9240487218,0,comm,"[8, 2048, 2048]",torch.bfloat16
all_reduce,backward,"[8, 9, 10, 11, 12, 13, 14, 15]",0,0,428,1645735.7762847096,1645735.7762847096,0,comm,[1],torch.float32
all_reduce,backward,"[8, 9, 10, 11, 12, 13, 14, 15]",0,0,429,1645964.8341406137,1645964.8341406137,0,comm,"[16384, 6]",torch.float32
all_to_all_single,backward,"[8, 9, 10, 11, 12, 13, 14, 15]",0,0,430,1651765.0890164077,1651765.0890164077,0,comm,"[8, 2048, 2, 192]",torch.bfloat16
all_to_all_single,backward,"[8, 9, 10, 11, 12, 13, 14, 15]",0,0,431,1652516.1350145936,1652516.1350145936,0,comm,"[2048, 2, 8, 192]",torch.bfloat16
all_gather,backward,"[8, 9, 10, 11, 12, 13, 14, 15]",0,0,432,1653208.0979086459,1653208.0979086459,0,comm,"[8, 2, 2048, 64]",torch.bfloat16
all_to_all_single,backward,"[8, 9, 10, 11, 12, 13, 14, 15]",0,0,433,1653455.0487995148,1653455.0487995148,0,comm,"[8, 2, 2048, 128]",torch.bfloat16
all_gather,backward,"[8, 9, 10, 11, 12, 13, 14, 15]",0,0,434,1654838.9685340226,1654838.9685340226,0,comm,"[8, 1, 2048, 8]",torch.bfloat16
all_gather,backward,"[8, 9, 10, 11, 12, 13, 14, 15]",0,0,435,1656044.325325638,1656044.325325638,0,comm,"[8, 1, 2048, 8]",torch.bfloat16
all_to_all_single,backward,"[8, 9, 10, 11, 12, 13, 14, 15]",0,0,436,1658658.1177543849,1658658.1177543849,0,comm,"[2048, 1, 16, 256]",torch.bfloat16
all_gather,backward,"[8, 9, 10, 11, 12, 13, 14, 15]",0,0,437,1659538.5868567973,1659538.5868567973,0,comm,"[8, 256, 512]",torch.bfloat16
all_gather,backward,"[8, 9, 10, 11, 12, 13, 14, 15]",0,0,438,1660594.883840531,1660594.883840531,0,comm,"[8, 2048, 256]",torch.bfloat16
all_gather,backward,"[8, 9, 10, 11, 12, 13, 14, 15]",0,0,439,1661639.5690944046,1661639.5690944046,0,comm,"[8, 256, 2048]",torch.bfloat16
all_reduce,backward,"[8, 9, 10, 11, 12, 13, 14, 15]",0,0,440,1664749.6612276882,1664749.6612276882,0,comm,"[8, 2048, 2048]",torch.bfloat16
all_reduce,backward,"[8, 9, 10, 11, 12, 13, 14, 15]",0,0,441,1665522.3271809518,1665522.3271809518,0,comm,"[8, 2048, 2048]",torch.bfloat16
all_reduce,backward,"[8, 9, 10, 11, 12, 13, 14, 15]",0,0,442,1665760.1310871542,1665760.1310871542,0,comm,"[8, 2048, 2048]",torch.bfloat16
all_reduce,backward,"[8, 9, 10, 11, 12, 13, 14, 15]",0,0,443,1666001.8442198634,1666001.8442198634,0,comm,[1],torch.float32
all_reduce,backward,"[8, 9, 10, 11, 12, 13, 14, 15]",0,0,444,1666229.9202289432,1666229.9202289432,0,comm,"[16384, 6]",torch.float32
all_to_all_single,backward,"[8, 9, 10, 11, 12, 13, 14, 15]",0,0,445,1671996.8491233885,1671996.8491233885,0,comm,"[8, 2048, 2, 192]",torch.bfloat16
all_to_all_single,backward,"[8, 9, 10, 11, 12, 13, 14, 15]",0,0,446,1672763.0929090083,1672763.0929090083,0,comm,"[2048, 2, 8, 192]",torch.bfloat16
all_gather,backward,"[8, 9, 10, 11, 12, 13, 14, 15]",0,0,447,1673536.7600340396,1673536.7600340396,0,comm,"[8, 2, 2048, 64]",torch.bfloat16
all_to_all_single,backward,"[8, 9, 10, 11, 12, 13, 14, 15]",0,0,448,1673792.0767627656,1673792.0767627656,0,comm,"[8, 2, 2048, 128]",torch.bfloat16
all_gather,backward,"[8, 9, 10, 11, 12, 13, 14, 15]",0,0,449,1675169.095164165,1675169.095164165,0,comm,"[8, 1, 2048, 8]",torch.bfloat16
all_gather,backward,"[8, 9, 10, 11, 12, 13, 14, 15]",0,0,450,1676405.178150162,1676405.178150162,0,comm,"[8, 1, 2048, 8]",torch.bfloat16
all_to_all_single,backward,"[8, 9, 10, 11, 12, 13, 14, 15]",0,0,451,1679033.8275022805,1679033.8275022805,0,comm,"[2048, 1, 16, 256]",torch.bfloat16
all_gather,backward,"[8, 9, 10, 11, 12, 13, 14, 15]",0,0,452,1679926.3376742601,1679926.3376742601,0,comm,"[8, 256, 512]",torch.bfloat16
all_gather,backward,"[8, 9, 10, 11, 12, 13, 14, 15]",0,0,453,1680997.0196336508,1680997.0196336508,0,comm,"[8, 2048, 256]",torch.bfloat16
all_gather,backward,"[8, 9, 10, 11, 12, 13, 14, 15]",0,0,454,1682066.291803494,1682066.291803494,0,comm,"[8, 256, 2048]",torch.bfloat16
all_reduce,backward,"[8, 9, 10, 11, 12, 13, 14, 15]",0,0,455,1685166.7643059045,1685166.7643059045,0,comm,"[8, 2048, 2048]",torch.bfloat16
all_reduce,backward,"[8, 9, 10, 11, 12, 13, 14, 15]",0,0,456,1685940.993251279,1685940.993251279,0,comm,"[8, 2048, 2048]",torch.bfloat16
all_reduce,backward,"[8, 9, 10, 11, 12, 13, 14, 15]",0,0,457,1686186.5422688425,1686186.5422688425,0,comm,"[8, 2048, 2048]",torch.bfloat16
all_reduce,backward,"[8, 9, 10, 11, 12, 13, 14, 15]",0,0,458,1686427.4530671537,1686427.4530671537,0,comm,[1],torch.float32
all_reduce,backward,"[8, 9, 10, 11, 12, 13, 14, 15]",0,0,459,1686647.305265069,1686647.305265069,0,comm,"[16384, 6]",torch.float32
all_to_all_single,backward,"[8, 9, 10, 11, 12, 13, 14, 15]",0,0,460,1692522.5427839905,1692522.5427839905,0,comm,"[8, 2048, 2, 192]",torch.bfloat16
all_to_all_single,backward,"[8, 9, 10, 11, 12, 13, 14, 15]",0,0,461,1693283.7979402393,1693283.7979402393,0,comm,"[2048, 2, 8, 192]",torch.bfloat16
all_gather,backward,"[8, 9, 10, 11, 12, 13, 14, 15]",0,0,462,1693977.767135948,1693977.767135948,0,comm,"[8, 2, 2048, 64]",torch.bfloat16
all_to_all_single,backward,"[8, 9, 10, 11, 12, 13, 14, 15]",0,0,463,1694243.3540243655,1694243.3540243655,0,comm,"[8, 2, 2048, 128]",torch.bfloat16
all_gather,backward,"[8, 9, 10, 11, 12, 13, 14, 15]",0,0,464,1695625.4390534014,1695625.4390534014,0,comm,"[8, 1, 2048, 8]",torch.bfloat16
all_gather,backward,"[8, 9, 10, 11, 12, 13, 14, 15]",0,0,465,1696806.2086962163,1696806.2086962163,0,comm,"[8, 1, 2048, 8]",torch.bfloat16
all_to_all_single,backward,"[8, 9, 10, 11, 12, 13, 14, 15]",0,0,466,1699371.6733995825,1699371.6733995825,0,comm,"[2048, 1, 16, 256]",torch.bfloat16
all_gather,backward,"[8, 9, 10, 11, 12, 13, 14, 15]",0,0,467,1700296.1232792586,1700296.1232792586,0,comm,"[8, 256, 512]",torch.bfloat16
all_gather,backward,"[8, 9, 10, 11, 12, 13, 14, 15]",0,0,468,1701395.1651751995,1701395.1651751995,0,comm,"[8, 2048, 256]",torch.bfloat16
all_gather,backward,"[8, 9, 10, 11, 12, 13, 14, 15]",0,0,469,1702444.308437407,1702444.308437407,0,comm,"[8, 256, 2048]",torch.bfloat16
all_reduce,backward,"[8, 9, 10, 11, 12, 13, 14, 15]",0,0,470,1705580.8594450355,1705580.8594450355,0,comm,"[8, 2048, 2048]",torch.bfloat16
all_reduce,backward,"[8, 9, 10, 11, 12, 13, 14, 15]",0,0,471,1706357.0623286068,1706357.0623286068,0,comm,"[8, 2048, 2048]",torch.bfloat16
all_reduce,backward,"[8, 9, 10, 11, 12, 13, 14, 15]",0,0,472,1706620.8950709552,1706620.8950709552,0,comm,"[8, 2048, 2048]",torch.bfloat16
all_reduce,backward,"[8, 9, 10, 11, 12, 13, 14, 15]",0,0,473,1706859.0999115258,1706859.0999115258,0,comm,[1],torch.float32
all_reduce,backward,"[8, 9, 10, 11, 12, 13, 14, 15]",0,0,474,1707087.6078214496,1707087.6078214496,0,comm,"[16384, 6]",torch.float32
all_to_all_single,backward,"[8, 9, 10, 11, 12, 13, 14, 15]",0,0,475,1712886.7332357913,1712886.7332357913,0,comm,"[8, 2048, 2, 192]",torch.bfloat16
all_to_all_single,backward,"[8, 9, 10, 11, 12, 13, 14, 15]",0,0,476,1713646.1650952697,1713646.1650952697,0,comm,"[2048, 2, 8, 192]",torch.bfloat16
all_gather,backward,"[8, 9, 10, 11, 12, 13, 14, 15]",0,0,477,1714341.828133911,1714341.828133911,0,comm,"[8, 2, 2048, 64]",torch.bfloat16
all_to_all_single,backward,"[8, 9, 10, 11, 12, 13, 14, 15]",0,0,478,1714591.935975477,1714591.935975477,0,comm,"[8, 2, 2048, 128]",torch.bfloat16
all_gather,backward,"[8, 9, 10, 11, 12, 13, 14, 15]",0,0,479,1715960.978763178,1715960.978763178,0,comm,"[8, 1, 2048, 8]",torch.bfloat16
all_gather,backward,"[8, 9, 10, 11, 12, 13, 14, 15]",0,0,480,1717270.259046927,1717270.259046927,0,comm,"[8, 1, 2048, 8]",torch.bfloat16
all_to_all_single,backward,"[8, 9, 10, 11, 12, 13, 14, 15]",0,0,481,1720143.757527694,1720143.757527694,0,comm,"[2048, 1, 16, 256]",torch.bfloat16
all_gather,backward,"[8, 9, 10, 11, 12, 13, 14, 15]",0,0,482,1721161.7736611515,1721161.7736611515,0,comm,"[8, 256, 512]",torch.bfloat16
all_gather,backward,"[8, 9, 10, 11, 12, 13, 14, 15]",0,0,483,1722320.5310292542,1722320.5310292542,0,comm,"[8, 2048, 256]",torch.bfloat16
all_gather,backward,"[8, 9, 10, 11, 12, 13, 14, 15]",0,0,484,1723432.1522992104,1723432.1522992104,0,comm,"[8, 256, 2048]",torch.bfloat16
all_reduce,backward,"[8, 9, 10, 11, 12, 13, 14, 15]",0,0,485,1726698.0968415737,1726698.0968415737,0,comm,"[8, 2048, 2048]",torch.bfloat16
all_reduce,backward,"[8, 9, 10, 11, 12, 13, 14, 15]",0,0,486,1727528.7329684943,1727528.7329684943,0,comm,"[8, 2048, 2048]",torch.bfloat16
all_reduce,backward,"[8, 9, 10, 11, 12, 13, 14, 15]",0,0,487,1727784.5619246364,1727784.5619246364,0,comm,"[8, 2048, 2048]",torch.bfloat16
all_reduce,backward,"[8, 9, 10, 11, 12, 13, 14, 15]",0,0,488,1728033.3070084453,1728033.3070084453,0,comm,[1],torch.float32
all_reduce,backward,"[8, 9, 10, 11, 12, 13, 14, 15]",0,0,489,1728284.808108583,1728284.808108583,0,comm,"[16384, 6]",torch.float32
all_to_all_single,backward,"[8, 9, 10, 11, 12, 13, 14, 15]",0,0,490,1734314.0861485153,1734314.0861485153,0,comm,"[8, 2048, 2, 192]",torch.bfloat16
all_to_all_single,backward,"[8, 9, 10, 11, 12, 13, 14, 15]",0,0,491,1735158.015275374,1735158.015275374,0,comm,"[2048, 2, 8, 192]",torch.bfloat16
all_gather,backward,"[8, 9, 10, 11, 12, 13, 14, 15]",0,0,492,1735911.165829748,1735911.165829748,0,comm,"[8, 2, 2048, 64]",torch.bfloat16
all_to_all_single,backward,"[8, 9, 10, 11, 12, 13, 14, 15]",0,0,493,1736195.4387743026,1736195.4387743026,0,comm,"[8, 2, 2048, 128]",torch.bfloat16
all_gather,backward,"[8, 9, 10, 11, 12, 13, 14, 15]",0,0,494,1737790.2946900576,1737790.2946900576,0,comm,"[8, 1, 2048, 8]",torch.bfloat16
all_gather,backward,"[8, 9, 10, 11, 12, 13, 14, 15]",0,0,495,1739161.3635700196,1739161.3635700196,0,comm,"[8, 1, 2048, 8]",torch.bfloat16
all_to_all_single,backward,"[8, 9, 10, 11, 12, 13, 14, 15]",0,0,496,1742433.5121177137,1742433.5121177137,0,comm,"[2048, 1, 16, 256]",torch.bfloat16
all_gather,backward,"[8, 9, 10, 11, 12, 13, 14, 15]",0,0,497,1743712.0149843395,1743712.0149843395,0,comm,"[8, 256, 512]",torch.bfloat16
all_gather,backward,"[8, 9, 10, 11, 12, 13, 14, 15]",0,0,498,1745226.2570150197,1745226.2570150197,0,comm,"[8, 2048, 256]",torch.bfloat16
all_gather,backward,"[8, 9, 10, 11, 12, 13, 14, 15]",0,0,499,1746592.8560122848,1746592.8560122848,0,comm,"[8, 256, 2048]",torch.bfloat16
all_reduce,backward,"[8, 9, 10, 11, 12, 13, 14, 15]",0,0,500,1750609.1240793467,1750609.1240793467,0,comm,"[8, 2048, 2048]",torch.bfloat16
all_reduce,backward,"[8, 9, 10, 11, 12, 13, 14, 15]",0,0,501,1751635.8261927962,1751635.8261927962,0,comm,"[8, 2048, 2048]",torch.bfloat16
all_reduce,backward,"[8, 9, 10, 11, 12, 13, 14, 15]",0,0,502,1751977.6560366154,1751977.6560366154,0,comm,"[8, 2048, 2048]",torch.bfloat16
all_reduce,backward,"[8, 9, 10, 11, 12, 13, 14, 15]",0,0,503,1752294.259145856,1752294.259145856,0,comm,[1],torch.float32
all_reduce,backward,"[8, 9, 10, 11, 12, 13, 14, 15]",0,0,504,1752617.654390633,1752617.654390633,0,comm,"[16384, 6]",torch.float32
all_to_all_single,backward,"[8, 9, 10, 11, 12, 13, 14, 15]",0,0,505,1759259.234648198,1759259.234648198,0,comm,"[8, 2048, 2, 192]",torch.bfloat16
all_to_all_single,backward,"[8, 9, 10, 11, 12, 13, 14, 15]",0,0,506,1760324.1375181824,1760324.1375181824,0,comm,"[2048, 2, 8, 192]",torch.bfloat16
all_gather,backward,"[8, 9, 10, 11, 12, 13, 14, 15]",0,0,507,1761297.1395719796,1761297.1395719796,0,comm,"[8, 2, 2048, 64]",torch.bfloat16
all_to_all_single,backward,"[8, 9, 10, 11, 12, 13, 14, 15]",0,0,508,1761642.3754952848,1761642.3754952848,0,comm,"[8, 2, 2048, 128]",torch.bfloat16
all_gather,backward,"[8, 9, 10, 11, 12, 13, 14, 15]",0,0,509,1763559.972634539,1763559.972634539,0,comm,"[8, 1, 2048, 8]",torch.bfloat16
all_gather,backward,"[8, 9, 10, 11, 12, 13, 14, 15]",0,0,510,1765068.5377884656,1765068.5377884656,0,comm,"[8, 1, 2048, 8]",torch.bfloat16
all_to_all_single,backward,"[8, 9, 10, 11, 12, 13, 14, 15]",0,0,511,1767643.5057073832,1767643.5057073832,0,comm,"[2048, 1, 16, 256]",torch.bfloat16
all_gather,backward,"[8, 9, 10, 11, 12, 13, 14, 15]",0,0,512,1768626.1355411261,1768626.1355411261,0,comm,"[8, 256, 512]",torch.bfloat16
all_gather,backward,"[8, 9, 10, 11, 12, 13, 14, 15]",0,0,513,1769783.7222367525,1769783.7222367525,0,comm,"[8, 2048, 256]",torch.bfloat16
all_gather,backward,"[8, 9, 10, 11, 12, 13, 14, 15]",0,0,514,1770930.513041094,1770930.513041094,0,comm,"[8, 256, 2048]",torch.bfloat16
all_reduce,backward,"[8, 9, 10, 11, 12, 13, 14, 15]",0,0,515,1774167.8948514163,1774167.8948514163,0,comm,"[8, 2048, 2048]",torch.bfloat16
all_reduce,backward,"[8, 9, 10, 11, 12, 13, 14, 15]",0,0,516,1774968.773825094,1774968.773825094,0,comm,"[8, 2048, 2048]",torch.bfloat16
all_reduce,backward,"[8, 9, 10, 11, 12, 13, 14, 15]",0,0,517,1775202.5115769356,1775202.5115769356,0,comm,"[8, 2048, 2048]",torch.bfloat16
all_reduce,backward,"[8, 9, 10, 11, 12, 13, 14, 15]",0,0,518,1775428.524473682,1775428.524473682,0,comm,[1],torch.float32
all_reduce,backward,"[8, 9, 10, 11, 12, 13, 14, 15]",0,0,519,1775657.9043343663,1775657.9043343663,0,comm,"[16384, 6]",torch.float32
all_to_all_single,backward,"[8, 9, 10, 11, 12, 13, 14, 15]",0,0,520,1781627.795426175,1781627.795426175,0,comm,"[8, 2048, 2, 192]",torch.bfloat16
all_to_all_single,backward,"[8, 9, 10, 11, 12, 13, 14, 15]",0,0,521,1782459.948444739,1782459.948444739,0,comm,"[2048, 2, 8, 192]",torch.bfloat16
all_gather,backward,"[8, 9, 10, 11, 12, 13, 14, 15]",0,0,522,1783169.235335663,1783169.235335663,0,comm,"[8, 2, 2048, 64]",torch.bfloat16
all_to_all_single,backward,"[8, 9, 10, 11, 12, 13, 14, 15]",0,0,523,1783436.2753201276,1783436.2753201276,0,comm,"[8, 2, 2048, 128]",torch.bfloat16
all_gather,backward,"[8, 9, 10, 11, 12, 13, 14, 15]",0,0,524,1784930.5821582675,1784930.5821582675,0,comm,"[8, 1, 2048, 8]",torch.bfloat16
all_gather,backward,"[8, 9, 10, 11, 12, 13, 14, 15]",0,0,525,1786244.5421051234,1786244.5421051234,0,comm,"[8, 1, 2048, 8]",torch.bfloat16
all_to_all_single,backward,"[8, 9, 10, 11, 12, 13, 14, 15]",0,0,526,1789000.0501647592,1789000.0501647592,0,comm,"[2048, 1, 16, 256]",torch.bfloat16
all_gather,backward,"[8, 9, 10, 11, 12, 13, 14, 15]",0,0,527,1790031.4014405012,1790031.4014405012,0,comm,"[8, 256, 512]",torch.bfloat16
all_gather,backward,"[8, 9, 10, 11, 12, 13, 14, 15]",0,0,528,1791134.0764258057,1791134.0764258057,0,comm,"[8, 2048, 256]",torch.bfloat16
all_gather,backward,"[8, 9, 10, 11, 12, 13, 14, 15]",0,0,529,1792239.475529641,1792239.475529641,0,comm,"[8, 256, 2048]",torch.bfloat16
all_reduce,backward,"[8, 9, 10, 11, 12, 13, 14, 15]",0,0,530,1795525.2456013113,1795525.2456013113,0,comm,"[8, 2048, 2048]",torch.bfloat16
all_reduce,backward,"[8, 9, 10, 11, 12, 13, 14, 15]",0,0,531,1796332.0966809988,1796332.0966809988,0,comm,"[8, 2048, 2048]",torch.bfloat16
all_reduce,backward,"[8, 9, 10, 11, 12, 13, 14, 15]",0,0,532,1796576.8445283175,1796576.8445283175,0,comm,"[8, 2048, 2048]",torch.bfloat16
all_reduce,backward,"[8, 9, 10, 11, 12, 13, 14, 15]",0,0,533,1796788.2207594812,1796788.2207594812,0,comm,[1],torch.float32
all_reduce,backward,"[8, 9, 10, 11, 12, 13, 14, 15]",0,0,534,1797010.8278095722,1797010.8278095722,0,comm,"[16384, 6]",torch.float32
all_to_all_single,backward,"[8, 9, 10, 11, 12, 13, 14, 15]",0,0,535,1802899.770438671,1802899.770438671,0,comm,"[8, 2048, 2, 192]",torch.bfloat16
all_to_all_single,backward,"[8, 9, 10, 11, 12, 13, 14, 15]",0,0,536,1803675.66132918,1803675.66132918,0,comm,"[2048, 2, 8, 192]",torch.bfloat16
all_gather,backward,"[8, 9, 10, 11, 12, 13, 14, 15]",0,0,537,1804369.029123336,1804369.029123336,0,comm,"[8, 2, 2048, 64]",torch.bfloat16
all_to_all_single,backward,"[8, 9, 10, 11, 12, 13, 14, 15]",0,0,538,1804626.3202559203,1804626.3202559203,0,comm,"[8, 2, 2048, 128]",torch.bfloat16
all_gather,backward,"[8, 9, 10, 11, 12, 13, 14, 15]",0,0,539,1806041.3792263716,1806041.3792263716,0,comm,"[8, 1, 2048, 8]",torch.bfloat16
all_gather,backward,"[8, 9, 10, 11, 12, 13, 14, 15]",0,0,540,1807307.1292601526,1807307.1292601526,0,comm,"[8, 1, 2048, 8]",torch.bfloat16
all_to_all_single,backward,"[8, 9, 10, 11, 12, 13, 14, 15]",0,0,541,1810036.226408556,1810036.226408556,0,comm,"[2048, 1, 16, 256]",torch.bfloat16
all_gather,backward,"[8, 9, 10, 11, 12, 13, 14, 15]",0,0,542,1811029.8973042518,1811029.8973042518,0,comm,"[8, 256, 512]",torch.bfloat16
all_gather,backward,"[8, 9, 10, 11, 12, 13, 14, 15]",0,0,543,1812220.9773864597,1812220.9773864597,0,comm,"[8, 2048, 256]",torch.bfloat16
all_gather,backward,"[8, 9, 10, 11, 12, 13, 14, 15]",0,0,544,1813319.2132227123,1813319.2132227123,0,comm,"[8, 256, 2048]",torch.bfloat16
all_reduce,backward,"[8, 9, 10, 11, 12, 13, 14, 15]",0,0,545,1816510.2570783347,1816510.2570783347,0,comm,"[8, 2048, 2048]",torch.bfloat16
all_reduce,backward,"[8, 9, 10, 11, 12, 13, 14, 15]",0,0,546,1817279.5362770557,1817279.5362770557,0,comm,"[8, 2048, 2048]",torch.bfloat16
all_reduce,backward,"[8, 9, 10, 11, 12, 13, 14, 15]",0,0,547,1817564.8602191359,1817564.8602191359,0,comm,"[8, 2048, 2048]",torch.bfloat16
all_reduce,backward,"[8, 9, 10, 11, 12, 13, 14, 15]",0,0,548,1817803.0271083117,1817803.0271083117,0,comm,[1],torch.float32
all_reduce,backward,"[8, 9, 10, 11, 12, 13, 14, 15]",0,0,549,1818056.632997468,1818056.632997468,0,comm,"[16384, 6]",torch.float32
all_to_all_single,backward,"[8, 9, 10, 11, 12, 13, 14, 15]",0,0,550,1824004.5269485563,1824004.5269485563,0,comm,"[8, 2048, 2, 192]",torch.bfloat16
all_to_all_single,backward,"[8, 9, 10, 11, 12, 13, 14, 15]",0,0,551,1824807.419674471,1824807.419674471,0,comm,"[2048, 2, 8, 192]",torch.bfloat16
all_gather,backward,"[8, 9, 10, 11, 12, 13, 14, 15]",0,0,552,1825515.3053905815,1825515.3053905815,0,comm,"[8, 2, 2048, 64]",torch.bfloat16
all_to_all_single,backward,"[8, 9, 10, 11, 12, 13, 14, 15]",0,0,553,1825775.5322847515,1825775.5322847515,0,comm,"[8, 2, 2048, 128]",torch.bfloat16
all_gather,backward,"[8, 9, 10, 11, 12, 13, 14, 15]",0,0,554,1827160.503482446,1827160.503482446,0,comm,"[8, 1, 2048, 8]",torch.bfloat16
all_gather,backward,"[8, 9, 10, 11, 12, 13, 14, 15]",0,0,555,1828538.942616433,1828538.942616433,0,comm,"[8, 1, 2048, 8]",torch.bfloat16
all_to_all_single,backward,"[8, 9, 10, 11, 12, 13, 14, 15]",0,0,556,1831774.9470006675,1831774.9470006675,0,comm,"[2048, 1, 16, 256]",torch.bfloat16
all_gather,backward,"[8, 9, 10, 11, 12, 13, 14, 15]",0,0,557,1832874.1849400103,1832874.1849400103,0,comm,"[8, 256, 512]",torch.bfloat16
all_gather,backward,"[8, 9, 10, 11, 12, 13, 14, 15]",0,0,558,1834283.1139452755,1834283.1139452755,0,comm,"[8, 2048, 256]",torch.bfloat16
all_gather,backward,"[8, 9, 10, 11, 12, 13, 14, 15]",0,0,559,1835610.409034416,1835610.409034416,0,comm,"[8, 256, 2048]",torch.bfloat16
all_reduce,backward,"[8, 9, 10, 11, 12, 13, 14, 15]",0,0,560,1839491.10400863,1839491.10400863,0,comm,"[8, 2048, 2048]",torch.bfloat16
all_reduce,backward,"[8, 9, 10, 11, 12, 13, 14, 15]",0,0,561,1840447.444235906,1840447.444235906,0,comm,"[8, 2048, 2048]",torch.bfloat16
all_reduce,backward,"[8, 9, 10, 11, 12, 13, 14, 15]",0,0,562,1840768.5663551092,1840768.5663551092,0,comm,"[8, 2048, 2048]",torch.bfloat16
all_reduce,backward,"[8, 9, 10, 11, 12, 13, 14, 15]",0,0,563,1841056.8265244365,1841056.8265244365,0,comm,[1],torch.float32
all_reduce,backward,"[8, 9, 10, 11, 12, 13, 14, 15]",0,0,564,1841340.9884087741,1841340.9884087741,0,comm,"[16384, 6]",torch.float32
all_to_all_single,backward,"[8, 9, 10, 11, 12, 13, 14, 15]",0,0,565,1847929.8998136073,1847929.8998136073,0,comm,"[8, 2048, 2, 192]",torch.bfloat16
all_to_all_single,backward,"[8, 9, 10, 11, 12, 13, 14, 15]",0,0,566,1849063.4018089622,1849063.4018089622,0,comm,"[2048, 2, 8, 192]",torch.bfloat16
all_gather,backward,"[8, 9, 10, 11, 12, 13, 14, 15]",0,0,567,1849967.534886673,1849967.534886673,0,comm,"[8, 2, 2048, 64]",torch.bfloat16
all_to_all_single,backward,"[8, 9, 10, 11, 12, 13, 14, 15]",0,0,568,1850272.4850550294,1850272.4850550294,0,comm,"[8, 2, 2048, 128]",torch.bfloat16
all_gather,backward,"[8, 9, 10, 11, 12, 13, 14, 15]",0,0,569,1851992.673939094,1851992.673939094,0,comm,"[8, 1, 2048, 8]",torch.bfloat16
all_gather,backward,"[8, 9, 10, 11, 12, 13, 14, 15]",0,0,570,1853495.6285730004,1853495.6285730004,0,comm,"[8, 1, 2048, 8]",torch.bfloat16
all_to_all_single,backward,"[8, 9, 10, 11, 12, 13, 14, 15]",0,0,571,1857089.186552912,1857089.186552912,0,comm,"[2048, 1, 16, 256]",torch.bfloat16
all_gather,backward,"[8, 9, 10, 11, 12, 13, 14, 15]",0,0,572,1858140.9563776106,1858140.9563776106,0,comm,"[8, 256, 512]",torch.bfloat16
all_gather,backward,"[8, 9, 10, 11, 12, 13, 14, 15]",0,0,573,1859531.2382094562,1859531.2382094562,0,comm,"[8, 2048, 256]",torch.bfloat16
all_gather,backward,"[8, 9, 10, 11, 12, 13, 14, 15]",0,0,574,1860854.484140873,1860854.484140873,0,comm,"[8, 256, 2048]",torch.bfloat16
all_reduce,backward,"[8, 9, 10, 11, 12, 13, 14, 15]",0,0,575,1864774.451823905,1864774.451823905,0,comm,"[8, 2048, 2048]",torch.bfloat16
all_reduce,backward,"[8, 9, 10, 11, 12, 13, 14, 15]",0,0,576,1865794.7618048638,1865794.7618048638,0,comm,"[8, 2048, 2048]",torch.bfloat16
all_reduce,backward,"[8, 9, 10, 11, 12, 13, 14, 15]",0,0,577,1866140.4377780855,1866140.4377780855,0,comm,"[8, 2048, 2048]",torch.bfloat16
all_reduce,backward,"[8, 9, 10, 11, 12, 13, 14, 15]",0,0,578,1866439.1476195306,1866439.1476195306,0,comm,[1],torch.float32
all_reduce,backward,"[8, 9, 10, 11, 12, 13, 14, 15]",0,0,579,1866724.4226671755,1866724.4226671755,0,comm,"[16384, 6]",torch.float32
all_to_all_single,backward,"[8, 9, 10, 11, 12, 13, 14, 15]",0,0,580,1873010.1890396327,1873010.1890396327,0,comm,"[8, 2048, 2, 192]",torch.bfloat16
all_to_all_single,backward,"[8, 9, 10, 11, 12, 13, 14, 15]",0,0,581,1873928.7990611047,1873928.7990611047,0,comm,"[2048, 2, 8, 192]",torch.bfloat16
all_gather,backward,"[8, 9, 10, 11, 12, 13, 14, 15]",0,0,582,1874793.8179876655,1874793.8179876655,0,comm,"[8, 2, 2048, 64]",torch.bfloat16
all_to_all_single,backward,"[8, 9, 10, 11, 12, 13, 14, 15]",0,0,583,1875077.478820458,1875077.478820458,0,comm,"[8, 2, 2048, 128]",torch.bfloat16
all_gather,backward,"[8, 9, 10, 11, 12, 13, 14, 15]",0,0,584,1876475.505065173,1876475.505065173,0,comm,"[8, 1, 2048, 8]",torch.bfloat16
all_gather,backward,"[8, 9, 10, 11, 12, 13, 14, 15]",0,0,585,1877733.3698235452,1877733.3698235452,0,comm,"[8, 1, 2048, 8]",torch.bfloat16
all_to_all_single,backward,"[8, 9, 10, 11, 12, 13, 14, 15]",0,0,586,1880358.0550011247,1880358.0550011247,0,comm,"[2048, 1, 16, 256]",torch.bfloat16
all_gather,backward,"[8, 9, 10, 11, 12, 13, 14, 15]",0,0,587,1881247.6817984134,1881247.6817984134,0,comm,"[8, 256, 512]",torch.bfloat16
all_gather,backward,"[8, 9, 10, 11, 12, 13, 14, 15]",0,0,588,1882273.0530519038,1882273.0530519038,0,comm,"[8, 2048, 256]",torch.bfloat16
all_gather,backward,"[8, 9, 10, 11, 12, 13, 14, 15]",0,0,589,1883315.4840394855,1883315.4840394855,0,comm,"[8, 256, 2048]",torch.bfloat16
all_reduce,backward,"[8, 9, 10, 11, 12, 13, 14, 15]",0,0,590,1886491.530109197,1886491.530109197,0,comm,"[8, 2048, 2048]",torch.bfloat16
all_reduce,backward,"[8, 9, 10, 11, 12, 13, 14, 15]",0,0,591,1887269.2361474037,1887269.2361474037,0,comm,"[8, 2048, 2048]",torch.bfloat16
all_reduce,backward,"[8, 9, 10, 11, 12, 13, 14, 15]",0,0,592,1887521.7991881073,1887521.7991881073,0,comm,"[8, 2048, 2048]",torch.bfloat16
all_reduce,backward,"[8, 9, 10, 11, 12, 13, 14, 15]",0,0,593,1887832.636013627,1887832.636013627,0,comm,[1],torch.float32
all_reduce,backward,"[8, 9, 10, 11, 12, 13, 14, 15]",0,0,594,1888117.2579713166,1888117.2579713166,0,comm,"[16384, 6]",torch.float32
all_to_all_single,backward,"[8, 9, 10, 11, 12, 13, 14, 15]",0,0,595,1894557.8841958195,1894557.8841958195,0,comm,"[8, 2048, 2, 192]",torch.bfloat16
all_to_all_single,backward,"[8, 9, 10, 11, 12, 13, 14, 15]",0,0,596,1895647.3330035806,1895647.3330035806,0,comm,"[2048, 2, 8, 192]",torch.bfloat16
all_gather,backward,"[8, 9, 10, 11, 12, 13, 14, 15]",0,0,597,1896555.3536545485,1896555.3536545485,0,comm,"[8, 2, 2048, 64]",torch.bfloat16
all_to_all_single,backward,"[8, 9, 10, 11, 12, 13, 14, 15]",0,0,598,1896850.6967648864,1896850.6967648864,0,comm,"[8, 2, 2048, 128]",torch.bfloat16
all_gather,backward,"[8, 9, 10, 11, 12, 13, 14, 15]",0,0,599,1898689.6192654967,1898689.6192654967,0,comm,"[8, 1, 2048, 8]",torch.bfloat16
all_gather,backward,"[8, 9, 10, 11, 12, 13, 14, 15]",0,0,600,1900124.6145926416,1900124.6145926416,0,comm,"[8, 1, 2048, 8]",torch.bfloat16
all_to_all_single,backward,"[8, 9, 10, 11, 12, 13, 14, 15]",0,0,601,1902784.9345002323,1902784.9345002323,0,comm,"[2048, 1, 16, 256]",torch.bfloat16
all_gather,backward,"[8, 9, 10, 11, 12, 13, 14, 15]",0,0,602,1903716.8403156102,1903716.8403156102,0,comm,"[8, 256, 512]",torch.bfloat16
all_gather,backward,"[8, 9, 10, 11, 12, 13, 14, 15]",0,0,603,1904777.3166093975,1904777.3166093975,0,comm,"[8, 2048, 256]",torch.bfloat16
all_gather,backward,"[8, 9, 10, 11, 12, 13, 14, 15]",0,0,604,1905847.0684103668,1905847.0684103668,0,comm,"[8, 256, 2048]",torch.bfloat16
all_reduce,backward,"[8, 9, 10, 11, 12, 13, 14, 15]",0,0,605,1908995.324280113,1908995.324280113,0,comm,"[8, 2048, 2048]",torch.bfloat16
all_reduce,backward,"[8, 9, 10, 11, 12, 13, 14, 15]",0,0,606,1909763.3433993906,1909763.3433993906,0,comm,"[8, 2048, 2048]",torch.bfloat16
all_reduce,backward,"[8, 9, 10, 11, 12, 13, 14, 15]",0,0,607,1909997.5414574146,1909997.5414574146,0,comm,"[8, 2048, 2048]",torch.bfloat16
all_reduce,backward,"[8, 9, 10, 11, 12, 13, 14, 15]",0,0,608,1910227.1713782102,1910227.1713782102,0,comm,[1],torch.float32
all_reduce,backward,"[8, 9, 10, 11, 12, 13, 14, 15]",0,0,609,1910465.9382719547,1910465.9382719547,0,comm,"[16384, 6]",torch.float32
all_to_all_single,backward,"[8, 9, 10, 11, 12, 13, 14, 15]",0,0,610,1916752.640157938,1916752.640157938,0,comm,"[8, 2048, 2, 192]",torch.bfloat16
all_to_all_single,backward,"[8, 9, 10, 11, 12, 13, 14, 15]",0,0,611,1917825.4974540323,1917825.4974540323,0,comm,"[2048, 2, 8, 192]",torch.bfloat16
all_gather,backward,"[8, 9, 10, 11, 12, 13, 14, 15]",0,0,612,1918763.7935392559,1918763.7935392559,0,comm,"[8, 2, 2048, 64]",torch.bfloat16
all_to_all_single,backward,"[8, 9, 10, 11, 12, 13, 14, 15]",0,0,613,1919100.08341074,1919100.08341074,0,comm,"[8, 2, 2048, 128]",torch.bfloat16
all_gather,backward,"[8, 9, 10, 11, 12, 13, 14, 15]",0,0,614,1920927.363447845,1920927.363447845,0,comm,"[8, 1, 2048, 8]",torch.bfloat16
all_gather,backward,"[8, 9, 10, 11, 12, 13, 14, 15]",0,0,615,1922508.572228253,1922508.572228253,0,comm,"[8, 1, 2048, 8]",torch.bfloat16
all_to_all_single,backward,"[8, 9, 10, 11, 12, 13, 14, 15]",0,0,616,1926086.1901566386,1926086.1901566386,0,comm,"[2048, 1, 16, 256]",torch.bfloat16
all_gather,backward,"[8, 9, 10, 11, 12, 13, 14, 15]",0,0,617,1927213.9109671116,1927213.9109671116,0,comm,"[8, 256, 512]",torch.bfloat16
all_gather,backward,"[8, 9, 10, 11, 12, 13, 14, 15]",0,0,618,1928764.3420975655,1928764.3420975655,0,comm,"[8, 2048, 256]",torch.bfloat16
all_gather,backward,"[8, 9, 10, 11, 12, 13, 14, 15]",0,0,619,1930101.7161924392,1930101.7161924392,0,comm,"[8, 256, 2048]",torch.bfloat16
all_reduce,backward,"[8, 9, 10, 11, 12, 13, 14, 15]",0,0,620,1933973.2928201556,1933973.2928201556,0,comm,"[8, 2048, 2048]",torch.bfloat16
all_reduce,backward,"[8, 9, 10, 11, 12, 13, 14, 15]",0,0,621,1934931.2367849052,1934931.2367849052,0,comm,"[8, 2048, 2048]",torch.bfloat16
all_reduce,backward,"[8, 9, 10, 11, 12, 13, 14, 15]",0,0,622,1935288.6159904301,1935288.6159904301,0,comm,"[8, 2048, 2048]",torch.bfloat16
all_reduce,backward,"[8, 9, 10, 11, 12, 13, 14, 15]",0,0,623,1935572.4991764873,1935572.4991764873,0,comm,[1],torch.float32
all_reduce,backward,"[8, 9, 10, 11, 12, 13, 14, 15]",0,0,624,1935872.6302161813,1935872.6302161813,0,comm,"[16384, 6]",torch.float32
all_to_all_single,backward,"[8, 9, 10, 11, 12, 13, 14, 15]",0,0,625,1942340.5586276203,1942340.5586276203,0,comm,"[8, 2048, 2, 192]",torch.bfloat16
all_to_all_single,backward,"[8, 9, 10, 11, 12, 13, 14, 15]",0,0,626,1943416.602909565,1943416.602909565,0,comm,"[2048, 2, 8, 192]",torch.bfloat16
all_gather,backward,"[8, 9, 10, 11, 12, 13, 14, 15]",0,0,627,1944453.9360702038,1944453.9360702038,0,comm,"[8, 2, 2048, 64]",torch.bfloat16
all_to_all_single,backward,"[8, 9, 10, 11, 12, 13, 14, 15]",0,0,628,1944755.5800434202,1944755.5800434202,0,comm,"[8, 2, 2048, 128]",torch.bfloat16
all_gather,backward,"[8, 9, 10, 11, 12, 13, 14, 15]",0,0,629,1946608.9140623808,1946608.9140623808,0,comm,"[8, 1, 2048, 8]",torch.bfloat16
all_gather,backward,"[8, 9, 10, 11, 12, 13, 14, 15]",0,0,630,1948258.9829713106,1948258.9829713106,0,comm,"[8, 1, 2048, 8]",torch.bfloat16
all_to_all_single,backward,"[8, 9, 10, 11, 12, 13, 14, 15]",0,0,631,1951834.066072479,1951834.066072479,0,comm,"[2048, 1, 16, 256]",torch.bfloat16
all_gather,backward,"[8, 9, 10, 11, 12, 13, 14, 15]",0,0,632,1952789.0630997717,1952789.0630997717,0,comm,"[8, 256, 512]",torch.bfloat16
all_gather,backward,"[8, 9, 10, 11, 12, 13, 14, 15]",0,0,633,1953866.6512817144,1953866.6512817144,0,comm,"[8, 2048, 256]",torch.bfloat16
all_gather,backward,"[8, 9, 10, 11, 12, 13, 14, 15]",0,0,634,1954953.5240512341,1954953.5240512341,0,comm,"[8, 256, 2048]",torch.bfloat16
all_reduce,backward,"[8, 9, 10, 11, 12, 13, 14, 15]",0,0,635,1958142.394432798,1958142.394432798,0,comm,"[8, 2048, 2048]",torch.bfloat16
all_reduce,backward,"[8, 9, 10, 11, 12, 13, 14, 15]",0,0,636,1958920.931443572,1958920.931443572,0,comm,"[8, 2048, 2048]",torch.bfloat16
all_reduce,backward,"[8, 9, 10, 11, 12, 13, 14, 15]",0,0,637,1959161.792183295,1959161.792183295,0,comm,"[8, 2048, 2048]",torch.bfloat16
all_reduce,backward,"[8, 9, 10, 11, 12, 13, 14, 15]",0,0,638,1959392.9550610483,1959392.9550610483,0,comm,[1],torch.float32
all_reduce,backward,"[8, 9, 10, 11, 12, 13, 14, 15]",0,0,639,1959621.4240882546,1959621.4240882546,0,comm,"[16384, 6]",torch.float32
all_to_all_single,backward,"[8, 9, 10, 11, 12, 13, 14, 15]",0,0,640,1965548.840817064,1965548.840817064,0,comm,"[8, 2048, 2, 192]",torch.bfloat16
all_to_all_single,backward,"[8, 9, 10, 11, 12, 13, 14, 15]",0,0,641,1966325.4446350038,1966325.4446350038,0,comm,"[2048, 2, 8, 192]",torch.bfloat16
all_gather,backward,"[8, 9, 10, 11, 12, 13, 14, 15]",0,0,642,1967012.4414842576,1967012.4414842576,0,comm,"[8, 2, 2048, 64]",torch.bfloat16
all_to_all_single,backward,"[8, 9, 10, 11, 12, 13, 14, 15]",0,0,643,1967272.827634588,1967272.827634588,0,comm,"[8, 2, 2048, 128]",torch.bfloat16
all_gather,backward,"[8, 9, 10, 11, 12, 13, 14, 15]",0,0,644,1968731.0287263244,1968731.0287263244,0,comm,"[8, 1, 2048, 8]",torch.bfloat16
all_gather,backward,"[8, 9, 10, 11, 12, 13, 14, 15]",0,0,645,1969980.937661603,1969980.937661603,0,comm,"[8, 1, 2048, 8]",torch.bfloat16
all_to_all_single,backward,"[8, 9, 10, 11, 12, 13, 14, 15]",0,0,646,1972684.0916555375,1972684.0916555375,0,comm,"[2048, 1, 16, 256]",torch.bfloat16
all_gather,backward,"[8, 9, 10, 11, 12, 13, 14, 15]",0,0,647,1973714.9914726615,1973714.9914726615,0,comm,"[8, 256, 512]",torch.bfloat16
all_gather,backward,"[8, 9, 10, 11, 12, 13, 14, 15]",0,0,648,1974760.8387842774,1974760.8387842774,0,comm,"[8, 2048, 256]",torch.bfloat16
all_gather,backward,"[8, 9, 10, 11, 12, 13, 14, 15]",0,0,649,1975852.4019271135,1975852.4019271135,0,comm,"[8, 256, 2048]",torch.bfloat16
all_reduce,backward,"[8, 9, 10, 11, 12, 13, 14, 15]",0,0,650,1979095.4843629152,1979095.4843629152,0,comm,"[8, 2048, 2048]",torch.bfloat16
all_reduce,backward,"[8, 9, 10, 11, 12, 13, 14, 15]",0,0,651,1979898.4488006681,1979898.4488006681,0,comm,"[8, 2048, 2048]",torch.bfloat16
all_reduce,backward,"[8, 9, 10, 11, 12, 13, 14, 15]",0,0,652,1980153.4968428314,1980153.4968428314,0,comm,"[8, 2048, 2048]",torch.bfloat16
all_reduce,backward,"[8, 9, 10, 11, 12, 13, 14, 15]",0,0,653,1980395.7499098033,1980395.7499098033,0,comm,[1],torch.float32
all_reduce,backward,"[8, 9, 10, 11, 12, 13, 14, 15]",0,0,654,1980641.7000945657,1980641.7000945657,0,comm,"[16384, 6]",torch.float32
all_to_all_single,backward,"[8, 9, 10, 11, 12, 13, 14, 15]",0,0,655,1986511.3708656281,1986511.3708656281,0,comm,"[8, 2048, 2, 192]",torch.bfloat16
all_to_all_single,backward,"[8, 9, 10, 11, 12, 13, 14, 15]",0,0,656,1987287.6333538443,1987287.6333538443,0,comm,"[2048, 2, 8, 192]",torch.bfloat16
all_gather,backward,"[8, 9, 10, 11, 12, 13, 14, 15]",0,0,657,1987975.4099529237,1987975.4099529237,0,comm,"[8, 2, 2048, 64]",torch.bfloat16
all_to_all_single,backward,"[8, 9, 10, 11, 12, 13, 14, 15]",0,0,658,1988248.310983181,1988248.310983181,0,comm,"[8, 2, 2048, 128]",torch.bfloat16
all_gather,backward,"[8, 9, 10, 11, 12, 13, 14, 15]",0,0,659,1989695.8793979138,1989695.8793979138,0,comm,"[8, 1, 2048, 8]",torch.bfloat16
all_gather,backward,"[8, 9, 10, 11, 12, 13, 14, 15]",0,0,660,1990964.7542517632,1990964.7542517632,0,comm,"[8, 1, 2048, 8]",torch.bfloat16
all_to_all_single,backward,"[8, 9, 10, 11, 12, 13, 14, 15]",0,0,661,1993582.7155131847,1993582.7155131847,0,comm,"[2048, 1, 16, 256]",torch.bfloat16
all_gather,backward,"[8, 9, 10, 11, 12, 13, 14, 15]",0,0,662,1994524.3077818304,1994524.3077818304,0,comm,"[8, 256, 512]",torch.bfloat16
all_gather,backward,"[8, 9, 10, 11, 12, 13, 14, 15]",0,0,663,1995614.8085184395,1995614.8085184395,0,comm,"[8, 2048, 256]",torch.bfloat16
all_gather,backward,"[8, 9, 10, 11, 12, 13, 14, 15]",0,0,664,1996718.3847911656,1996718.3847911656,0,comm,"[8, 256, 2048]",torch.bfloat16
all_reduce,backward,"[8, 9, 10, 11, 12, 13, 14, 15]",0,0,665,2002076.5564404428,2002076.5564404428,0,comm,"[8, 2048, 2048]",torch.bfloat16
all_to_all_single,backward,"[8, 9, 10, 11, 12, 13, 14, 15]",0,0,666,2006380.7140104473,2006380.7140104473,0,comm,"[8, 2048, 2, 192]",torch.bfloat16
all_to_all_single,backward,"[8, 9, 10, 11, 12, 13, 14, 15]",0,0,667,2007165.1129983366,2007165.1129983366,0,comm,"[2048, 2, 8, 192]",torch.bfloat16
all_gather,backward,"[8, 9, 10, 11, 12, 13, 14, 15]",0,0,668,2007890.2209643275,2007890.2209643275,0,comm,"[8, 2, 2048, 64]",torch.bfloat16
all_to_all_single,backward,"[8, 9, 10, 11, 12, 13, 14, 15]",0,0,669,2008157.179923728,2008157.179923728,0,comm,"[8, 2, 2048, 128]",torch.bfloat16
all_gather,backward,"[8, 9, 10, 11, 12, 13, 14, 15]",0,0,670,2009633.8451839983,2009633.8451839983,0,comm,"[8, 1, 2048, 8]",torch.bfloat16
all_gather,backward,"[8, 9, 10, 11, 12, 13, 14, 15]",0,0,671,2010891.791433096,2010891.791433096,0,comm,"[8, 1, 2048, 8]",torch.bfloat16
all_to_all_single,backward,"[8, 9, 10, 11, 12, 13, 14, 15]",0,0,672,2013611.7015499622,2013611.7015499622,0,comm,"[2048, 1, 16, 256]",torch.bfloat16
all_gather,backward,"[8, 9, 10, 11, 12, 13, 14, 15]",0,0,673,2014565.7968241721,2014565.7968241721,0,comm,"[8, 256, 512]",torch.bfloat16
all_gather,backward,"[8, 9, 10, 11, 12, 13, 14, 15]",0,0,674,2015695.7330182195,2015695.7330182195,0,comm,"[8, 2048, 256]",torch.bfloat16
all_gather,backward,"[8, 9, 10, 11, 12, 13, 14, 15]",0,0,675,2016768.490895629,2016768.490895629,0,comm,"[8, 256, 2048]",torch.bfloat16
all_reduce,backward,"[0, 1, 2, 3, 4, 5, 6, 7, 8, 9, 10, 11, 12, 13, 14, 15, 16, 17, 18, 19, 20, 21, 22, 23, 24, 25, 26, 27, 28, 29, 30, 31, 32, 33, 34, 35, 36, 37, 38, 39, 40, 41, 42, 43, 44, 45, 46, 47, 48, 49, 50, 51, 52, 53, 54, 55, 56, 57, 58, 59, 60, 61, 62, 63]",0,0,676,2019395.8331365138,2019395.8331365138,0,comm,[226506240],torch.bfloat16
all_reduce,backward,"[4, 12, 20, 28, 36, 44, 52, 60]",0,0,677,2020151.8882531673,2020151.8882531673,0,comm,[326481920],torch.bfloat16
all_reduce,backward,"[4, 12, 20, 28, 36, 44, 52, 60]",0,0,678,2020848.9941433072,2020848.9941433072,0,comm,[1894187008],torch.bfloat16
